Proxy,IP,Port,TimeTaken,CheckedAt
50.207.199.83:80,50.207.199.83,80,0,
47.88.31.196:8080,47.88.31.196,8080,0,
223.135.156.183:8080,223.135.156.183,8080,0,
47.88.85.102:3389,47.88.85.102,3389,0,
50.207.199.84:80,50.207.199.84,80,0,
3.24.178.81:80,3.24.178.81,80,0,
47.90.205.231:33333,47.90.205.231,33333,0,
50.207.199.86:80,50.207.199.86,80,0,
3.95.154.78:3128,3.95.154.78,3128,0,
47.236.236.2:8899,47.236.236.2,8899,0,
50.207.199.87:80,50.207.199.87,80,0,
47.243.114.192:8180,47.243.114.192,8180,0,
5.35.92.156:80,5.35.92.156,80,0,
50.217.226.41:80,50.217.226.41,80,0,
47.251.43.115:33333,47.251.43.115,33333,0,
5.189.184.6:80,5.189.184.6,80,0,
50.217.226.43:80,50.217.226.43,80,0,
47.251.70.179:80,47.251.70.179,80,0,
50.217.226.44:80,50.217.226.44,80,0,
5.196.111.29:20634,5.196.111.29,20634,0,
50.28.7.7:80,50.28.7.7,80,0,
8.219.97.248:80,8.219.97.248,80,0,
50.217.226.45:80,50.217.226.45,80,0,
50.217.226.46:80,50.217.226.46,80,0,
50.122.86.118:80,50.122.86.118,80,0,
8.223.31.16:1080,8.223.31.16,1080,0,
50.217.226.47:80,50.217.226.47,80,0,
12.156.45.155:3128,12.156.45.155,3128,0,
50.218.57.67:80,50.218.57.67,80,0,
50.144.166.226:80,50.144.166.226,80,0,
12.176.231.147:80,12.176.231.147,80,0,
50.218.57.70:80,50.218.57.70,80,0,
50.144.168.74:80,50.144.168.74,80,0,
13.56.18.97:3128,13.56.18.97,3128,0,
50.218.57.71:80,50.218.57.71,80,0,
50.145.24.179:80,50.145.24.179,80,0,
13.83.94.137:3128,13.83.94.137,3128,0,
50.218.224.35:80,50.218.224.35,80,0,
50.168.72.112:80,50.168.72.112,80,0,
50.218.224.38:80,50.218.224.38,80,0,
13.229.47.109:80,13.229.47.109,80,0,
50.168.72.113:80,50.168.72.113,80,0,
50.221.74.130:80,50.221.74.130,80,0,
13.229.107.106:80,13.229.107.106,80,0,
50.168.72.114:80,50.168.72.114,80,0,
50.221.230.186:80,50.221.230.186,80,0,
15.207.196.77:3128,15.207.196.77,3128,0,
50.168.72.115:80,50.168.72.115,80,0,
50.223.239.166:80,50.223.239.166,80,0,
18.141.177.23:80,18.141.177.23,80,0,
50.168.72.116:80,50.168.72.116,80,0,
50.223.239.167:80,50.223.239.167,80,0,
18.228.173.246:3128,18.228.173.246,3128,0,
50.168.72.119:80,50.168.72.119,80,0,
50.223.239.168:80,50.223.239.168,80,0,
20.27.86.185:8080,20.27.86.185,8080,0,
50.168.72.122:80,50.168.72.122,80,0,
50.223.239.175:80,50.223.239.175,80,0,
20.44.188.17:3129,20.44.188.17,3129,0,
50.169.37.50:80,50.169.37.50,80,0,
50.223.239.176:80,50.223.239.176,80,0,
20.44.189.184:3129,20.44.189.184,3129,0,
50.171.122.30:80,50.171.122.30,80,0,
50.223.239.177:80,50.223.239.177,80,0,
20.44.206.138:80,20.44.206.138,80,0,
50.171.177.124:80,50.171.177.124,80,0,
50.223.239.183:80,50.223.239.183,80,0,
20.127.221.223:80,20.127.221.223,80,0,
50.171.177.126:80,50.171.177.126,80,0,
20.204.212.45:3129,20.204.212.45,3129,0,
50.223.239.190:80,50.223.239.190,80,0,
50.171.187.50:80,50.171.187.50,80,0,
50.223.239.191:80,50.223.239.191,80,0,
20.204.214.23:3129,20.204.214.23,3129,0,
50.172.39.98:80,50.172.39.98,80,0,
50.223.239.194:80,50.223.239.194,80,0,
20.204.214.79:3129,20.204.214.79,3129,0,
50.172.75.120:80,50.172.75.120,80,0,
50.223.242.97:80,50.223.242.97,80,0,
20.219.176.57:3129,20.219.176.57,3129,0,
50.172.75.121:80,50.172.75.121,80,0,
50.223.242.100:80,50.223.242.100,80,0,
32.223.6.94:80,32.223.6.94,80,0,
50.172.75.122:80,50.172.75.122,80,0,
50.223.246.226:80,50.223.246.226,80,0,
34.80.202.6:3128,34.80.202.6,3128,0,
50.172.75.124:80,50.172.75.124,80,0,
50.223.246.237:80,50.223.246.237,80,0,
35.180.188.216:80,35.180.188.216,80,0,
50.172.75.125:80,50.172.75.125,80,0,
50.231.104.58:80,50.231.104.58,80,0,
35.185.196.38:3128,35.185.196.38,3128,0,
50.172.75.126:80,50.172.75.126,80,0,
50.231.110.26:80,50.231.110.26,80,0,
35.194.228.247:3128,35.194.228.247,3128,0,
50.172.75.127:80,50.172.75.127,80,0,
50.231.172.74:80,50.231.172.74,80,0,
36.7.252.165:3256,36.7.252.165,3256,0,
50.174.7.152:80,50.174.7.152,80,0,
50.239.72.16:80,50.239.72.16,80,0,
37.120.133.137:3128,37.120.133.137,3128,0,
50.174.7.153:80,50.174.7.153,80,0,
50.239.72.17:80,50.239.72.17,80,0,
50.174.7.155:80,50.174.7.155,80,0,
37.120.140.158:3128,37.120.140.158,3128,0,
50.239.72.18:80,50.239.72.18,80,0,
50.174.7.157:80,50.174.7.157,80,0,
37.120.222.132:3128,37.120.222.132,3128,0,
50.239.72.19:80,50.239.72.19,80,0,
50.174.145.8:80,50.174.145.8,80,0,
37.195.222.7:52815,37.195.222.7,52815,0,
51.8.224.206:9000,51.8.224.206,9000,0,
50.174.145.10:80,50.174.145.10,80,0,
41.111.167.61:80,41.111.167.61,80,0,
51.158.68.68:8811,51.158.68.68,8811,0,
50.175.212.66:80,50.175.212.66,80,0,
41.173.239.161:3128,41.173.239.161,3128,0,
51.158.68.133:8811,51.158.68.133,8811,0,
50.175.212.74:80,50.175.212.74,80,0,
43.132.124.11:3128,43.132.124.11,3128,0,
51.158.172.165:8811,51.158.172.165,8811,0,
50.175.212.79:80,50.175.212.79,80,0,
46.21.153.16:3128,46.21.153.16,3128,0,
62.72.29.174:80,62.72.29.174,80,0,
50.202.75.26:80,50.202.75.26,80,0,
46.250.239.99:8000,46.250.239.99,8000,0,
64.23.232.139:3128,64.23.232.139,3128,0,
50.207.199.80:80,50.207.199.80,80,0,
47.74.40.128:7788,47.74.40.128,7788,0,
64.206.77.122:3128,64.206.77.122,3128,0,
50.207.199.81:80,50.207.199.81,80,0,
64.225.4.85:9997,64.225.4.85,9997,0,
64.225.8.115:9994,64.225.8.115,9994,0,
65.0.32.250:80,65.0.32.250,80,0,
66.31.131.217:8080,66.31.131.217,8080,0,
66.206.15.148:8136,66.206.15.148,8136,0,
67.43.227.230:4961,67.43.227.230,4961,0,
85.214.94.28:3128,85.214.94.28,3128,0,
67.43.227.227:11023,67.43.227.227,11023,0,
85.214.244.174:3128,85.214.244.174,3128,0,
67.43.227.229:16401,67.43.227.229,16401,0,
67.43.228.252:10579,67.43.228.252,10579,0,
88.99.10.252:1080,88.99.10.252,1080,0,
89.249.65.191:3128,89.249.65.191,3128,0,
84.17.51.241:3128,84.17.51.241,3128,0,
84.17.51.235:3128,84.17.51.235,3128,0,
94.100.18.111:3128,94.100.18.111,3128,0,
94.101.185.188:13699,94.101.185.188,13699,0,
95.111.226.235:3128,95.111.226.235,3128,0,
95.216.17.79:3888,95.216.17.79,3888,0,
103.28.121.58:3128,103.28.121.58,3128,0,
103.28.121.58:80,103.28.121.58,80,0,
103.114.53.2:8080,103.114.53.2,8080,0,
103.228.36.164:10000,103.228.36.164,10000,0,
103.237.144.232:1311,103.237.144.232,1311,0,
104.248.59.38:80,104.248.59.38,80,0,
104.248.146.99:3128,104.248.146.99,3128,0,
112.98.218.73:57658,112.98.218.73,57658,0,
107.175.179.52:80,107.175.179.52,80,0,
167.172.109.12:39533,167.172.109.12,39533,0,
167.172.109.12:40825,167.172.109.12,40825,0,
106.45.221.168:3256,106.45.221.168,3256,0,
167.172.109.12:41491,167.172.109.12,41491,0,
167.172.109.12:46249,167.172.109.12,46249,0,
113.100.209.184:3128,113.100.209.184,3128,0,
113.121.240.114:3256,113.121.240.114,3256,0,
169.57.157.146:8123,169.57.157.146,8123,0,
169.57.157.148:80,169.57.157.148,80,0,
113.195.224.222:9999,113.195.224.222,9999,0,
171.231.28.200:49236,171.231.28.200,49236,0,
113.219.247.226:30000,113.219.247.226,30000,0,
171.238.239.96:5004,171.238.239.96,5004,0,
114.129.2.82:8081,114.129.2.82,8081,0,
172.183.241.1:8090,172.183.241.1,8090,0,
115.221.242.131:9999,115.221.242.131,9999,0,
172.232.180.108:80,172.232.180.108,80,0,
116.125.141.115:80,116.125.141.115,80,0,
174.138.184.82:33229,174.138.184.82,33229,0,
116.130.233.22:3129,116.130.233.22,3129,0,
176.113.73.99:3128,176.113.73.99,3128,0,
116.242.89.230:3128,116.242.89.230,3128,0,
176.113.73.102:3128,176.113.73.102,3128,0,
117.251.103.186:8080,117.251.103.186,8080,0,
176.113.73.104:3128,176.113.73.104,3128,0,
118.99.108.4:8080,118.99.108.4,8080,0,
180.183.97.16:8080,180.183.97.16,8080,0,
119.81.71.27:80,119.81.71.27,80,0,
181.143.143.125:999,181.143.143.125,999,0,
119.81.71.27:8123,119.81.71.27,8123,0,
181.188.27.162:8080,181.188.27.162,8080,0,
119.81.189.194:80,119.81.189.194,80,0,
183.164.254.8:4216,183.164.254.8,4216,0,
119.81.189.194:8123,119.81.189.194,8123,0,
185.38.111.1:8080,185.38.111.1,8080,0,
119.84.215.127:3256,119.84.215.127,3256,0,
185.123.101.174:3128,185.123.101.174,3128,0,
119.96.113.193:30000,119.96.113.193,30000,0,
185.123.143.247:3128,185.123.143.247,3128,0,
119.96.118.113:30000,119.96.118.113,30000,0,
185.123.143.251:3128,185.123.143.251,3128,0,
121.206.205.75:4216,121.206.205.75,4216,0,
185.189.112.133:3128,185.189.112.133,3128,0,
123.126.158.50:80,123.126.158.50,80,0,
185.189.112.157:3128,185.189.112.157,3128,0,
124.156.237.232:1080,124.156.237.232,1080,0,
185.200.119.90:8443,185.200.119.90,8443,0,
125.87.82.86:3256,125.87.82.86,3256,0,
185.236.202.170:3128,185.236.202.170,3128,0,
128.199.136.56:3128,128.199.136.56,3128,0,
185.236.202.205:3128,185.236.202.205,3128,0,
130.185.77.63:80,130.185.77.63,80,0,
185.236.203.208:3128,185.236.203.208,3128,0,
135.148.171.194:18080,135.148.171.194,18080,0,
188.121.128.250:9080,188.121.128.250,9080,0,
139.60.209.2:80,139.60.209.2,80,0,
188.166.30.17:8888,188.166.30.17,8888,0,
139.180.140.254:1080,139.180.140.254,1080,0,
188.166.197.129:3128,188.166.197.129,3128,0,
144.48.222.240:80,144.48.222.240,80,0,
188.166.252.135:8080,188.166.252.135,8080,0,
144.91.118.176:3128,144.91.118.176,3128,0,
189.240.60.166:9090,189.240.60.166,9090,0,
144.217.131.61:3148,144.217.131.61,3148,0,
189.240.60.171:9090,189.240.60.171,9090,0,
148.72.140.24:30127,148.72.140.24,30127,0,
192.18.151.166:8888,192.18.151.166,8888,0,
148.72.165.7:30135,148.72.165.7,30135,0,
193.34.95.110:8080,193.34.95.110,8080,0,
149.248.6.181:40002,149.248.6.181,40002,0,
193.56.255.179:3128,193.56.255.179,3128,0,
150.136.153.231:80,150.136.153.231,80,0,
193.56.255.181:3128,193.56.255.181,3128,0,
152.42.224.138:3128,152.42.224.138,3128,0,
193.239.86.247:3128,193.239.86.247,3128,0,
154.0.132.35:3128,154.0.132.35,3128,0,
193.239.86.248:3128,193.239.86.248,3128,0,
154.236.177.100:1977,154.236.177.100,1977,0,
156.38.112.11:80,156.38.112.11,80,0,
193.239.86.249:3128,193.239.86.249,3128,0,
158.101.93.164:8080,158.101.93.164,8080,0,
195.23.57.78:80,195.23.57.78,80,0,
159.8.114.37:80,159.8.114.37,80,0,
159.8.114.37:8123,159.8.114.37,8123,0,
159.89.113.155:8080,159.89.113.155,8080,0,
160.86.242.23:8080,160.86.242.23,8080,0,
161.202.226.194:8123,161.202.226.194,8123,0,
162.223.90.130:80,162.223.90.130,80,0,
162.245.85.220:80,162.245.85.220,80,0,
162.253.155.94:3128,162.253.155.94,3128,0,
164.52.206.180:80,164.52.206.180,80,0,
166.1.22.160:8080,166.1.22.160,8080,0,
167.99.228.84:3128,167.99.228.84,3128,0,
167.172.109.12:37355,167.172.109.12,37355,0,
167.172.109.12:39452,167.172.109.12,39452,0,
200.174.198.86:8888,200.174.198.86,8888,0,
201.174.175.82:999,201.174.175.82,999,0,
206.189.130.107:8080,206.189.130.107,8080,0,
211.128.96.206:80,211.128.96.206,80,0,
212.23.175.80:8443,212.23.175.80,8443,0,
213.33.2.28:80,213.33.2.28,80,0,
213.33.126.130:80,213.33.126.130,80,0,
217.77.102.14:3128,217.77.102.14,3128,0,
217.172.122.14:8080,217.172.122.14,8080,0,
219.151.19.1:3128,219.151.19.1,3128,0,
222.122.110.26:80,222.122.110.26,80,0,
222.129.38.21:57114,222.129.38.21,57114,0,
223.113.89.138:1080,223.113.89.138,1080,0,
67.43.236.18:1853,67.43.236.18,1853,0,
67.43.228.250:26991,67.43.228.250,26991,0,
67.43.236.19:17293,67.43.236.19,17293,0,
67.43.236.21:8307,67.43.236.21,8307,0,
72.10.160.92:5635,72.10.160.92,5635,0,
72.10.160.93:13931,72.10.160.93,13931,0,
195.159.124.57:85,195.159.124.57,85,0,
74.103.66.15:80,74.103.66.15,80,0,
72.10.164.178:1417,72.10.164.178,1417,0,
67.43.227.226:30373,67.43.227.226,30373,0,
68.183.149.126:11008,68.183.149.126,11008,0,
72.10.160.170:2657,72.10.160.170,2657,0,
67.43.228.253:12915,67.43.228.253,12915,0,
72.10.160.173:29439,72.10.160.173,29439,0,
72.10.160.172:9739,72.10.160.172,9739,0,
72.10.160.174:13093,72.10.160.174,13093,0,
69.197.167.74:6661,69.197.167.74,6661,0,
45.136.197.202:8080,45.136.197.202,8080,0,
72.10.160.94:18345,72.10.160.94,18345,0,
67.43.227.228:23737,67.43.227.228,23737,0,
152.42.186.180:9090,152.42.186.180,9090,0,
67.205.190.164:8080,67.205.190.164,8080,0,
71.19.249.97:8443,71.19.249.97,8443,0,
79.110.52.252:3128,79.110.52.252,3128,0,
79.122.230.20:8080,79.122.230.20,8080,0,
80.120.49.242:80,80.120.49.242,80,0,
81.12.119.171:8080,81.12.119.171,8080,0,
84.17.35.129:3128,84.17.35.129,3128,0,
68.185.57.66:80,68.185.57.66,80,0,
84.17.51.240:3128,84.17.51.240,3128,0,
185.118.153.110:8080,185.118.153.110,8080,0,
136.226.255.31:10230,136.226.255.31,10230,0,
92.204.134.38:28302,92.204.134.38,28302,0,
181.205.46.178:4666,181.205.46.178,4666,0,
168.205.217.29:4145,168.205.217.29,4145,0,
179.60.129.195:8080,179.60.129.195,8080,0,
36.66.203.163:5678,36.66.203.163,5678,0,
154.66.108.32:3629,154.66.108.32,3629,0,
45.140.42.56:80,45.140.42.56,80,0,
95.71.124.187:5678,95.71.124.187,5678,0,
156.239.37.248:3128,156.239.37.248,3128,0,
185.220.86.47:5678,185.220.86.47,5678,0,
54.36.108.149:44699,54.36.108.149,44699,0,
196.251.222.213:8104,196.251.222.213,8104,0,
136.226.215.21:10230,136.226.215.21,10230,0,
185.105.91.62:4444,185.105.91.62,4444,0,
185.105.89.249:4444,185.105.89.249,4444,0,
168.205.79.15:25566,168.205.79.15,25566,0,
183.81.156.98:8080,183.81.156.98,8080,0,
103.81.117.225:4153,103.81.117.225,4153,0,
195.39.194.8:80,195.39.194.8,80,0,
103.154.179.52:8080,103.154.179.52,8080,0,
185.130.105.109:10437,185.130.105.109,10437,0,
107.180.101.226:37552,107.180.101.226,37552,0,
196.213.196.210:8088,196.213.196.210,8088,0,
80.191.46.60:1080,80.191.46.60,1080,0,
67.43.228.253:3431,67.43.228.253,3431,0,
221.224.140.140:51080,221.224.140.140,51080,0,
67.213.210.168:33876,67.213.210.168,33876,0,
186.228.235.54:4145,186.228.235.54,4145,0,
72.195.114.184:4145,72.195.114.184,4145,0,
1.32.59.217:31981,1.32.59.217,31981,0,
70.166.167.55:57745,70.166.167.55,57745,0,
190.109.72.41:33633,190.109.72.41,33633,0,
94.131.7.1:31969,94.131.7.1,31969,0,
136.226.255.23:10491,136.226.255.23,10491,0,
136.226.67.8:10160,136.226.67.8,10160,0,
45.147.26.213:808,45.147.26.213,808,0,
185.210.227.102:4145,185.210.227.102,4145,0,
136.226.230.118:10230,136.226.230.118,10230,0,
31.207.47.29:15829,31.207.47.29,15829,0,
207.148.12.169:58310,207.148.12.169,58310,0,
183.88.219.206:34676,183.88.219.206,34676,0,
191.96.243.81:80,191.96.243.81,80,0,
67.43.227.227:18937,67.43.227.227,18937,0,
174.64.199.82:4145,174.64.199.82,4145,0,
47.254.47.61:3128,47.254.47.61,3128,0,
72.10.160.174:11083,72.10.160.174,11083,0,
92.204.134.38:56177,92.204.134.38,56177,0,
45.249.78.193:3629,45.249.78.193,3629,0,
183.61.172.34:7890,183.61.172.34,7890,0,
170.85.56.91:10160,170.85.56.91,10160,0,
149.56.148.20:80,149.56.148.20,80,0,
202.159.6.146:555,202.159.6.146,555,0,
179.253.8.244:7777,179.253.8.244,7777,0,
123.4.134.59:9000,123.4.134.59,9000,0,
185.32.4.65:4153,185.32.4.65,4153,0,
152.26.229.86:9443,152.26.229.86,9443,0,
152.26.229.42:9443,152.26.229.42,9443,0,
162.214.162.180:43194,162.214.162.180,43194,0,
136.226.65.25:10160,136.226.65.25,10160,0,
103.156.140.239:8080,103.156.140.239,8080,0,
202.137.141.212:5678,202.137.141.212,5678,0,
95.48.193.246:1080,95.48.193.246,1080,0,
47.120.0.231:8081,47.120.0.231,8081,0,
104.129.199.73:10160,104.129.199.73,10160,0,
136.226.65.19:10160,136.226.65.19,10160,0,
108.181.132.118:54045,108.181.132.118,54045,0,
47.89.184.18:3128,47.89.184.18,3128,0,
136.226.233.31:10230,136.226.233.31,10230,0,
78.108.109.0:8080,78.108.109.0,8080,0,
104.129.207.42:10160,104.129.207.42,10160,0,
194.58.107.119:3000,194.58.107.119,3000,0,
188.132.221.21:8080,188.132.221.21,8080,0,
188.125.169.211:8080,188.125.169.211,8080,0,
103.195.65.209:8080,103.195.65.209,8080,0,
103.127.106.245:1080,103.127.106.245,1080,0,
47.252.18.37:3128,47.252.18.37,3128,0,
41.254.52.105:1981,41.254.52.105,1981,0,
102.244.120.10:45413,102.244.120.10,45413,0,
193.34.181.196:8080,193.34.181.196,8080,0,
103.123.25.65:80,103.123.25.65,80,0,
45.136.198.90:3128,45.136.198.90,3128,0,
162.253.68.97:4145,162.253.68.97,4145,0,
47.104.27.165:80,47.104.27.165,80,0,
51.254.149.59:62836,51.254.149.59,62836,0,
40.225.39.139:3128,40.225.39.139,3128,0,
185.217.199.176:4444,185.217.199.176,4444,0,
65.49.82.7:48859,65.49.82.7,48859,0,
115.147.20.176:8082,115.147.20.176,8082,0,
34.162.97.96:8585,34.162.97.96,8585,0,
72.10.160.92:30151,72.10.160.92,30151,0,
67.43.227.228:5473,67.43.227.228,5473,0,
162.241.182.171:32976,162.241.182.171,32976,0,
170.81.77.132:2222,170.81.77.132,2222,0,
79.174.12.190:80,79.174.12.190,80,0,
36.74.107.213:8080,36.74.107.213,8080,0,
67.43.228.250:1483,67.43.228.250,1483,0,
209.97.150.167:8080,209.97.150.167,8080,0,
103.216.49.227:32650,103.216.49.227,32650,0,
159.69.86.130:80,159.69.86.130,80,0,
72.10.160.90:30281,72.10.160.90,30281,0,
72.10.160.174:19153,72.10.160.174,19153,0,
196.0.111.194:48009,196.0.111.194,48009,0,
158.38.25.33:3128,158.38.25.33,3128,0,
187.32.76.99:3128,187.32.76.99,3128,0,
196.0.111.194:34638,196.0.111.194,34638,0,
177.75.1.33:8080,177.75.1.33,8080,0,
104.248.158.78:47225,104.248.158.78,47225,0,
149.129.135.161:6666,149.129.135.161,6666,0,
207.230.8.7:999,207.230.8.7,999,0,
89.35.237.187:999,89.35.237.187,999,0,
217.182.55.226:80,217.182.55.226,80,0,
195.29.229.211:8000,195.29.229.211,8000,0,
184.181.217.201:4145,184.181.217.201,4145,0,
102.215.198.113:1981,102.215.198.113,1981,0,
67.43.228.253:2921,67.43.228.253,2921,0,
141.101.123.233:80,141.101.123.233,80,0,
15.235.171.244:8888,15.235.171.244,8888,0,
154.49.246.35:80,154.49.246.35,80,0,
174.77.111.197:4145,174.77.111.197,4145,0,
67.43.228.250:5471,67.43.228.250,5471,0,
102.68.128.214:8080,102.68.128.214,8080,0,
8.148.22.214:8008,8.148.22.214,8008,0,
181.224.205.42:999,181.224.205.42,999,0,
45.95.203.213:4444,45.95.203.213,4444,0,
203.205.55.161:5678,203.205.55.161,5678,0,
82.179.94.11:3128,82.179.94.11,3128,0,
136.226.100.166:10230,136.226.100.166,10230,0,
47.74.152.29:8888,47.74.152.29,8888,0,
67.43.228.250:33267,67.43.228.250,33267,0,
8.42.68.121:39593,8.42.68.121,39593,0,
72.10.160.94:11339,72.10.160.94,11339,0,
47.116.181.146:8080,47.116.181.146,8080,0,
67.43.236.18:12215,67.43.236.18,12215,0,
72.10.164.178:25487,72.10.164.178,25487,0,
23.137.248.197:8888,23.137.248.197,8888,0,
110.77.149.227:4153,110.77.149.227,4153,0,
13.81.217.201:80,13.81.217.201,80,0,
149.86.142.101:8080,149.86.142.101,8080,0,
109.252.235.146:8080,109.252.235.146,8080,0,
61.186.243.6:9002,61.186.243.6,9002,0,
123.202.159.223:80,123.202.159.223,80,0,
103.37.111.253:18081,103.37.111.253,18081,0,
72.210.252.134:46164,72.210.252.134,46164,0,
186.94.17.248:8080,186.94.17.248,8080,0,
84.39.248.46:8080,84.39.248.46,8080,0,
72.10.164.178:6227,72.10.164.178,6227,0,
103.186.90.18:8080,103.186.90.18,8080,0,
184.181.217.194:4145,184.181.217.194,4145,0,
109.160.97.49:4145,109.160.97.49,4145,0,
103.86.109.38:80,103.86.109.38,80,0,
103.168.38.246:80,103.168.38.246,80,0,
8.212.168.170:8081,8.212.168.170,8081,0,
59.98.4.70:8080,59.98.4.70,8080,0,
45.92.177.60:8080,45.92.177.60,8080,0,
8.137.92.88:8080,8.137.92.88,8080,0,
67.43.228.251:16125,67.43.228.251,16125,0,
67.43.228.252:17171,67.43.228.252,17171,0,
203.96.177.211:33865,203.96.177.211,33865,0,
72.10.160.90:17821,72.10.160.90,17821,0,
104.18.41.150:2087,104.18.41.150,2087,0,
84.252.75.136:4444,84.252.75.136,4444,0,
138.201.199.62:8080,138.201.199.62,8080,0,
177.33.167.112:18732,177.33.167.112,18732,0,
133.18.234.13:80,133.18.234.13,80,0,
192.73.244.36:80,192.73.244.36,80,0,
168.227.158.9:4145,168.227.158.9,4145,0,
8.211.42.167:3128,8.211.42.167,3128,0,
103.189.116.18:8080,103.189.116.18,8080,0,
186.190.40.12:3128,186.190.40.12,3128,0,
44.226.59.25:8080,44.226.59.25,8080,0,
15.235.171.211:8888,15.235.171.211,8888,0,
72.10.164.178:21873,72.10.164.178,21873,0,
175.189.175.90:1080,175.189.175.90,1080,0,
72.10.164.178:3891,72.10.164.178,3891,0,
103.72.89.133:8080,103.72.89.133,8080,0,
72.10.160.90:14931,72.10.160.90,14931,0,
115.223.11.212:8103,115.223.11.212,8103,0,
104.200.152.30:4145,104.200.152.30,4145,0,
142.54.237.34:4145,142.54.237.34,4145,0,
5.196.111.29:20043,5.196.111.29,20043,0,
103.157.78.14:1111,103.157.78.14,1111,0,
75.132.249.74:80,75.132.249.74,80,0,
182.253.154.62:8080,182.253.154.62,8080,0,
67.43.227.227:10039,67.43.227.227,10039,0,
151.184.168.211:999,151.184.168.211,999,0,
51.158.169.52:29976,51.158.169.52,29976,0,
72.10.160.170:13355,72.10.160.170,13355,0,
72.10.164.178:8877,72.10.164.178,8877,0,
103.126.87.120:8082,103.126.87.120,8082,0,
103.205.128.81:4145,103.205.128.81,4145,0,
72.10.164.178:18307,72.10.164.178,18307,0,
103.217.216.91:8080,103.217.216.91,8080,0,
110.164.191.211:80,110.164.191.211,80,0,
69.36.63.128:1080,69.36.63.128,1080,0,
45.229.30.65:11211,45.229.30.65,11211,0,
85.172.5.74:3629,85.172.5.74,3629,0,
97.96.48.76:1108,97.96.48.76,1108,0,
72.10.164.178:7621,72.10.164.178,7621,0,
109.238.219.225:4153,109.238.219.225,4153,0,
47.88.18.204:8023,47.88.18.204,8023,0,
8.148.22.214:9098,8.148.22.214,9098,0,
65.21.77.180:17143,65.21.77.180,17143,0,
103.48.68.82:83,103.48.68.82,83,0,
192.53.126.207:10923,192.53.126.207,10923,0,
37.120.192.154:8080,37.120.192.154,8080,0,
103.69.20.28:58080,103.69.20.28,58080,0,
195.138.73.54:31145,195.138.73.54,31145,0,
51.89.255.67:80,51.89.255.67,80,0,
67.43.227.228:26097,67.43.227.228,26097,0,
115.127.191.138:1080,115.127.191.138,1080,0,
161.97.170.209:24710,161.97.170.209,24710,0,
125.77.25.178:8080,125.77.25.178,8080,0,
136.226.255.23:10326,136.226.255.23,10326,0,
34.81.160.132:80,34.81.160.132,80,0,
39.102.214.208:80,39.102.214.208,80,0,
136.226.255.23:10514,136.226.255.23,10514,0,
177.131.29.213:4153,177.131.29.213,4153,0,
101.255.209.41:8080,101.255.209.41,8080,0,
200.24.146.95:999,200.24.146.95,999,0,
67.43.227.228:32589,67.43.227.228,32589,0,
188.24.216.46:8080,188.24.216.46,8080,0,
223.69.46.44:1337,223.69.46.44,1337,0,
115.223.31.35:41004,115.223.31.35,41004,0,
47.122.5.165:80,47.122.5.165,80,0,
182.253.109.67:8080,182.253.109.67,8080,0,
119.96.235.202:30000,119.96.235.202,30000,0,
175.100.103.170:55443,175.100.103.170,55443,0,
213.230.127.153:8080,213.230.127.153,8080,0,
199.102.105.242:4145,199.102.105.242,4145,0,
72.10.164.178:33103,72.10.164.178,33103,0,
45.90.160.141:3128,45.90.160.141,3128,0,
92.205.110.118:17532,92.205.110.118,17532,0,
72.10.164.178:25409,72.10.164.178,25409,0,
140.99.122.244:999,140.99.122.244,999,0,
154.31.200.23:6666,154.31.200.23,6666,0,
67.43.236.19:20175,67.43.236.19,20175,0,
91.189.177.190:3128,91.189.177.190,3128,0,
23.247.136.253:80,23.247.136.253,80,0,
122.50.7.246:7777,122.50.7.246,7777,0,
125.77.25.177:8090,125.77.25.177,8090,0,
103.124.139.178:4145,103.124.139.178,4145,0,
67.43.228.251:6581,67.43.228.251,6581,0,
45.173.230.227:999,45.173.230.227,999,0,
67.43.227.227:24091,67.43.227.227,24091,0,
34.135.166.24:80,34.135.166.24,80,0,
123.154.27.105:8085,123.154.27.105,8085,0,
110.235.129.14:1337,110.235.129.14,1337,0,
72.10.164.178:31531,72.10.164.178,31531,0,
117.68.38.144:30000,117.68.38.144,30000,0,
67.43.228.250:14393,67.43.228.250,14393,0,
20.190.104.113:80,20.190.104.113,80,0,
36.64.132.91:3127,36.64.132.91,3127,0,
47.116.181.146:8800,47.116.181.146,8800,0,
72.10.164.178:16161,72.10.164.178,16161,0,
124.108.19.6:9292,124.108.19.6,9292,0,
103.210.35.131:8080,103.210.35.131,8080,0,
72.10.164.178:18059,72.10.164.178,18059,0,
136.243.73.229:80,136.243.73.229,80,0,
8.209.255.13:3128,8.209.255.13,3128,0,
213.165.168.190:9898,213.165.168.190,9898,0,
104.238.111.107:8968,104.238.111.107,8968,0,
164.174.221.69:80,164.174.221.69,80,0,
118.193.46.9:8080,118.193.46.9,8080,0,
103.163.244.4:80,103.163.244.4,80,0,
67.43.236.20:27917,67.43.236.20,27917,0,
210.245.83.71:2305,210.245.83.71,2305,0,
103.178.42.10:8181,103.178.42.10,8181,0,
45.236.106.245:999,45.236.106.245,999,0,
23.247.136.245:80,23.247.136.245,80,0,
72.10.160.170:14927,72.10.160.170,14927,0,
198.49.68.80:80,198.49.68.80,80,0,
36.71.32.183:8080,36.71.32.183,8080,0,
67.43.236.20:5177,67.43.236.20,5177,0,
136.226.255.23:10387,136.226.255.23,10387,0,
43.255.113.232:8083,43.255.113.232,8083,0,
154.31.200.236:6666,154.31.200.236,6666,0,
47.91.65.23:3128,47.91.65.23,3128,0,
94.131.7.1:31803,94.131.7.1,31803,0,
67.43.228.253:12689,67.43.228.253,12689,0,
58.246.58.150:9002,58.246.58.150,9002,0,
183.60.141.17:443,183.60.141.17,443,0,
89.116.191.51:80,89.116.191.51,80,0,
178.128.200.87:80,178.128.200.87,80,0,
67.43.227.228:28149,67.43.227.228,28149,0,
185.223.93.88:80,185.223.93.88,80,0,
72.10.160.173:30077,72.10.160.173,30077,0,
45.22.209.157:8888,45.22.209.157,8888,0,
171.97.36.47:8080,171.97.36.47,8080,0,
72.10.164.178:21927,72.10.164.178,21927,0,
154.64.215.132:999,154.64.215.132,999,0,
60.12.168.114:9002,60.12.168.114,9002,0,
98.170.57.249:4145,98.170.57.249,4145,0,
67.43.228.253:25749,67.43.228.253,25749,0,
5.196.111.29:20473,5.196.111.29,20473,0,
117.54.114.33:80,117.54.114.33,80,0,
120.46.130.16:3128,120.46.130.16,3128,0,
203.154.162.230:443,203.154.162.230,443,0,
185.105.90.88:4444,185.105.90.88,4444,0,
186.207.191.213:8080,186.207.191.213,8080,0,
67.43.236.19:24041,67.43.236.19,24041,0,
67.43.228.250:24299,67.43.228.250,24299,0,
72.10.164.178:26153,72.10.164.178,26153,0,
72.10.164.178:3511,72.10.164.178,3511,0,
36.91.115.133:80,36.91.115.133,80,0,
122.200.19.103:80,122.200.19.103,80,0,
182.253.181.10:8080,182.253.181.10,8080,0,
61.148.199.206:4145,61.148.199.206,4145,0,
208.87.243.199:9898,208.87.243.199,9898,0,
137.59.48.226:8080,137.59.48.226,8080,0,
80.78.68.87:8080,80.78.68.87,8080,0,
109.236.86.66:12414,109.236.86.66,12414,0,
201.49.193.249:7171,201.49.193.249,7171,0,
67.43.228.251:22171,67.43.228.251,22171,0,
91.107.196.188:3128,91.107.196.188,3128,0,
67.43.236.18:26843,67.43.236.18,26843,0,
177.234.192.231:999,177.234.192.231,999,0,
207.148.71.74:80,207.148.71.74,80,0,
103.105.55.51:9090,103.105.55.51,9090,0,
61.129.2.212:8080,61.129.2.212,8080,0,
97.74.87.226:80,97.74.87.226,80,0,
89.35.237.187:4444,89.35.237.187,4444,0,
205.209.108.206:8080,205.209.108.206,8080,0,
116.74.80.134:8080,116.74.80.134,8080,0,
189.240.60.164:9090,189.240.60.164,9090,0,
27.147.140.129:58080,27.147.140.129,58080,0,
202.12.80.8:83,202.12.80.8,83,0,
103.115.31.39:8181,103.115.31.39,8181,0,
15.235.171.213:8888,15.235.171.213,8888,0,
88.80.150.7:4465,88.80.150.7,4465,0,
154.65.39.7:80,154.65.39.7,80,0,
51.15.242.202:8888,51.15.242.202,8888,0,
36.99.35.138:82,36.99.35.138,82,0,
88.80.150.7:4792,88.80.150.7,4792,0,
72.10.164.178:9547,72.10.164.178,9547,0,
138.59.181.26:8080,138.59.181.26,8080,0,
216.45.49.22:19448,216.45.49.22,19448,0,
68.178.203.69:8899,68.178.203.69,8899,0,
115.223.31.90:33333,115.223.31.90,33333,0,
72.10.160.172:19347,72.10.160.172,19347,0,
115.223.11.212:50000,115.223.11.212,50000,0,
103.252.13.168:8080,103.252.13.168,8080,0,
72.10.160.174:6565,72.10.160.174,6565,0,
204.137.238.6:3129,204.137.238.6,3129,0,
195.54.171.227:24099,195.54.171.227,24099,0,
67.43.236.20:30621,67.43.236.20,30621,0,
49.13.51.71:80,49.13.51.71,80,0,
94.154.152.97:8079,94.154.152.97,8079,0,
189.203.181.34:8080,189.203.181.34,8080,0,
119.123.247.26:9000,119.123.247.26,9000,0,
67.43.236.21:3933,67.43.236.21,3933,0,
67.43.227.227:24779,67.43.227.227,24779,0,
72.10.164.178:14145,72.10.164.178,14145,0,
45.9.75.76:4444,45.9.75.76,4444,0,
72.10.160.170:10637,72.10.160.170,10637,0,
194.28.37.3:60606,194.28.37.3,60606,0,
67.43.227.227:1875,67.43.227.227,1875,0,
54.38.70.138:80,54.38.70.138,80,0,
198.74.51.79:8888,198.74.51.79,8888,0,
95.161.193.46:8080,95.161.193.46,8080,0,
219.65.73.81:80,219.65.73.81,80,0,
101.96.123.21:1080,101.96.123.21,1080,0,
103.41.35.162:58080,103.41.35.162,58080,0,
152.26.229.57:9443,152.26.229.57,9443,0,
103.69.20.36:58080,103.69.20.36,58080,0,
190.109.170.114:8111,190.109.170.114,8111,0,
163.172.33.148:3128,163.172.33.148,3128,0,
72.10.160.90:9419,72.10.160.90,9419,0,
139.162.78.109:8080,139.162.78.109,8080,0,
67.43.236.18:21205,67.43.236.18,21205,0,
182.93.75.77:8080,182.93.75.77,8080,0,
117.74.65.207:80,117.74.65.207,80,0,
67.43.236.20:3093,67.43.236.20,3093,0,
142.171.17.12:3128,142.171.17.12,3128,0,
185.232.169.108:4444,185.232.169.108,4444,0,
67.43.236.20:15443,67.43.236.20,15443,0,
67.43.227.227:13321,67.43.227.227,13321,0,
103.149.194.222:32650,103.149.194.222,32650,0,
177.54.226.50:8082,177.54.226.50,8082,0,
124.6.155.170:3131,124.6.155.170,3131,0,
103.174.238.233:8181,103.174.238.233,8181,0,
117.74.65.207:443,117.74.65.207,443,0,
185.191.236.162:3128,185.191.236.162,3128,0,
67.43.227.228:27403,67.43.227.228,27403,0,
84.252.74.190:4444,84.252.74.190,4444,0,
109.61.42.223:80,109.61.42.223,80,0,
93.127.163.52:80,93.127.163.52,80,0,
67.43.227.227:25873,67.43.227.227,25873,0,
217.182.210.152:80,217.182.210.152,80,0,
154.90.48.183:9090,154.90.48.183,9090,0,
112.78.134.133:7777,112.78.134.133,7777,0,
152.26.231.86:9443,152.26.231.86,9443,0,
179.42.78.25:999,179.42.78.25,999,0,
58.69.208.148:8082,58.69.208.148,8082,0,
217.218.234.221:4153,217.218.234.221,4153,0,
72.10.160.173:3511,72.10.160.173,3511,0,
41.33.219.130:1981,41.33.219.130,1981,0,
103.10.71.81:80,103.10.71.81,80,0,
111.59.4.88:9002,111.59.4.88,9002,0,
206.233.169.85:58394,206.233.169.85,58394,0,
155.94.241.132:3128,155.94.241.132,3128,0,
67.43.228.253:7171,67.43.228.253,7171,0,
43.255.113.232:8080,43.255.113.232,8080,0,
103.137.52.85:100,103.137.52.85,100,0,
72.10.160.90:23179,72.10.160.90,23179,0,
67.43.236.20:20181,67.43.236.20,20181,0,
206.1.250.72:9090,206.1.250.72,9090,0,
178.16.139.143:80,178.16.139.143,80,0,
178.48.68.61:18080,178.48.68.61,18080,0,
103.39.50.228:9090,103.39.50.228,9090,0,
221.231.13.198:1080,221.231.13.198,1080,0,
185.208.101.32:8080,185.208.101.32,8080,0,
103.67.84.130:8080,103.67.84.130,8080,0,
5.104.174.199:23500,5.104.174.199,23500,0,
138.91.159.185:80,138.91.159.185,80,0,
94.231.192.207:8080,94.231.192.207,8080,0,
67.43.228.253:27711,67.43.228.253,27711,0,
72.10.164.178:1635,72.10.164.178,1635,0,
52.221.250.131:8080,52.221.250.131,8080,0,
67.43.228.250:5097,67.43.228.250,5097,0,
67.43.236.20:20001,67.43.236.20,20001,0,
154.203.132.49:8080,154.203.132.49,8080,0,
20.84.109.185:80,20.84.109.185,80,0,
116.63.129.202:6000,116.63.129.202,6000,0,
88.79.243.103:3128,88.79.243.103,3128,0,
67.43.236.20:22321,67.43.236.20,22321,0,
72.10.160.173:22815,72.10.160.173,22815,0,
37.187.118.176:80,37.187.118.176,80,0,
67.43.228.253:23507,67.43.228.253,23507,0,
180.191.16.9:8085,180.191.16.9,8085,0,
111.172.239.145:3128,111.172.239.145,3128,0,
149.202.91.219:80,149.202.91.219,80,0,
202.143.111.245:3128,202.143.111.245,3128,0,
5.9.140.243:3128,5.9.140.243,3128,0,
200.133.247.3:3130,200.133.247.3,3130,0,
103.140.35.11:4145,103.140.35.11,4145,0,
51.91.109.83:80,51.91.109.83,80,0,
186.150.207.207:8080,186.150.207.207,8080,0,
154.31.200.139:6666,154.31.200.139,6666,0,
84.15.154.202:80,84.15.154.202,80,0,
102.216.74.209:8888,102.216.74.209,8888,0,
111.225.152.114:8089,111.225.152.114,8089,0,
38.29.32.240:3128,38.29.32.240,3128,0,
93.177.67.178:80,93.177.67.178,80,0,
77.137.39.241:19000,77.137.39.241,19000,0,
72.10.164.178:21361,72.10.164.178,21361,0,
184.181.217.206:4145,184.181.217.206,4145,0,
184.178.172.11:4145,184.178.172.11,4145,0,
112.78.40.210:8080,112.78.40.210,8080,0,
119.17.204.225:1080,119.17.204.225,1080,0,
31.14.76.114:60099,31.14.76.114,60099,0,
185.217.198.121:4444,185.217.198.121,4444,0,
72.10.160.93:9985,72.10.160.93,9985,0,
195.225.49.138:55774,195.225.49.138,55774,0,
72.10.160.173:29167,72.10.160.173,29167,0,
176.102.49.228:3128,176.102.49.228,3128,0,
197.32.223.5:8080,197.32.223.5,8080,0,
116.198.233.32:18080,116.198.233.32,18080,0,
67.43.227.226:13257,67.43.227.226,13257,0,
67.43.228.251:23069,67.43.228.251,23069,0,
39.102.214.208:9080,39.102.214.208,9080,0,
72.10.160.92:1299,72.10.160.92,1299,0,
50.96.204.252:18351,50.96.204.252,18351,0,
72.10.160.90:5045,72.10.160.90,5045,0,
103.81.254.249:8080,103.81.254.249,8080,0,
103.49.202.252:80,103.49.202.252,80,0,
36.50.11.198:8080,36.50.11.198,8080,0,
152.26.231.42:9443,152.26.231.42,9443,0,
130.61.120.213:8888,130.61.120.213,8888,0,
67.43.228.251:14393,67.43.228.251,14393,0,
45.229.10.98:8402,45.229.10.98,8402,0,
72.10.160.173:18591,72.10.160.173,18591,0,
154.31.200.174:6666,154.31.200.174,6666,0,
188.132.222.27:8080,188.132.222.27,8080,0,
125.77.25.177:8080,125.77.25.177,8080,0,
162.223.89.34:80,162.223.89.34,80,0,
67.43.227.227:28795,67.43.227.227,28795,0,
47.122.5.165:4006,47.122.5.165,4006,0,
12.133.53.17:83,12.133.53.17,83,0,
82.146.37.145:80,82.146.37.145,80,0,
67.43.227.227:29729,67.43.227.227,29729,0,
161.35.70.249:3128,161.35.70.249,3128,0,
209.141.58.24:80,209.141.58.24,80,0,
181.209.82.202:999,181.209.82.202,999,0,
67.43.236.20:13109,67.43.236.20,13109,0,
67.43.227.227:11065,67.43.227.227,11065,0,
149.129.179.190:6666,149.129.179.190,6666,0,
185.17.2.231:3128,185.17.2.231,3128,0,
190.186.18.161:999,190.186.18.161,999,0,
51.89.14.70:80,51.89.14.70,80,0,
72.10.160.171:10627,72.10.160.171,10627,0,
72.10.160.171:21311,72.10.160.171,21311,0,
41.33.56.21:1976,41.33.56.21,1976,0,
67.43.227.230:11927,67.43.227.230,11927,0,
45.184.124.33:1985,45.184.124.33,1985,0,
36.91.166.98:8080,36.91.166.98,8080,0,
191.101.80.162:80,191.101.80.162,80,0,
103.181.148.129:8080,103.181.148.129,8080,0,
154.16.146.42:80,154.16.146.42,80,0,
36.67.7.74:8080,36.67.7.74,8080,0,
175.45.11.46:8082,175.45.11.46,8082,0,
67.43.228.251:29505,67.43.228.251,29505,0,
72.10.160.92:25539,72.10.160.92,25539,0,
72.10.160.90:30975,72.10.160.90,30975,0,
220.248.70.237:9002,220.248.70.237,9002,0,
31.170.22.127:1080,31.170.22.127,1080,0,
72.10.160.173:4387,72.10.160.173,4387,0,
67.43.227.227:11927,67.43.227.227,11927,0,
114.249.233.217:8000,114.249.233.217,8000,0,
38.156.72.14:8080,38.156.72.14,8080,0,
72.195.101.99:4145,72.195.101.99,4145,0,
8.148.22.214:9080,8.148.22.214,9080,0,
87.247.186.40:1080,87.247.186.40,1080,0,
207.180.221.129:61788,207.180.221.129,61788,0,
188.132.222.49:8080,188.132.222.49,8080,0,
153.101.67.170:9002,153.101.67.170,9002,0,
72.10.164.178:14327,72.10.164.178,14327,0,
200.5.196.218:3128,200.5.196.218,3128,0,
67.43.228.252:16053,67.43.228.252,16053,0,
67.43.227.230:21051,67.43.227.230,21051,0,
61.118.38.234:60808,61.118.38.234,60808,0,
79.46.25.213:3128,79.46.25.213,3128,0,
115.22.252.245:3128,115.22.252.245,3128,0,
72.10.164.178:26349,72.10.164.178,26349,0,
8.212.151.166:8081,8.212.151.166,8081,0,
186.67.74.52:3128,186.67.74.52,3128,0,
72.10.160.170:18591,72.10.160.170,18591,0,
154.31.200.10:6666,154.31.200.10,6666,0,
111.38.73.92:9002,111.38.73.92,9002,0,
177.19.167.242:80,177.19.167.242,80,0,
15.235.171.205:8888,15.235.171.205,8888,0,
198.44.255.3:80,198.44.255.3,80,0,
36.64.4.127:8080,36.64.4.127,8080,0,
37.187.91.192:17605,37.187.91.192,17605,0,
103.47.93.231:1080,103.47.93.231,1080,0,
67.43.236.20:15101,67.43.236.20,15101,0,
67.43.236.20:19989,67.43.236.20,19989,0,
72.10.160.90:7873,72.10.160.90,7873,0,
124.107.144.249:8082,124.107.144.249,8082,0,
185.105.88.63:4444,185.105.88.63,4444,0,
192.111.139.165:4145,192.111.139.165,4145,0,
80.66.112.2:31280,80.66.112.2,31280,0,
72.10.160.171:13449,72.10.160.171,13449,0,
67.43.227.227:26791,67.43.227.227,26791,0,
103.189.111.10:3125,103.189.111.10,3125,0,
189.240.60.163:9090,189.240.60.163,9090,0,
154.31.200.15:6666,154.31.200.15,6666,0,
103.147.246.184:3127,103.147.246.184,3127,0,
103.151.20.131:80,103.151.20.131,80,0,
67.43.228.253:17491,67.43.228.253,17491,0,
72.10.164.178:21507,72.10.164.178,21507,0,
67.43.227.227:2295,67.43.227.227,2295,0,
126.209.9.26:8080,126.209.9.26,8080,0,
103.131.232.126:8080,103.131.232.126,8080,0,
72.10.160.93:5801,72.10.160.93,5801,0,
43.153.10.60:40010,43.153.10.60,40010,0,
45.71.202.202:999,45.71.202.202,999,0,
141.148.26.234:8081,141.148.26.234,8081,0,
67.43.227.226:1875,67.43.227.226,1875,0,
38.188.203.9:8080,38.188.203.9,8080,0,
82.132.19.108:4153,82.132.19.108,4153,0,
31.145.154.138:9093,31.145.154.138,9093,0,
103.127.220.74:8181,103.127.220.74,8181,0,
206.233.167.67:58394,206.233.167.67,58394,0,
122.9.183.228:8000,122.9.183.228,8000,0,
67.43.236.20:25933,67.43.236.20,25933,0,
15.235.171.234:3128,15.235.171.234,3128,0,
135.181.154.225:80,135.181.154.225,80,0,
91.229.118.104:3128,91.229.118.104,3128,0,
67.43.227.227:8595,67.43.227.227,8595,0,
188.166.56.246:80,188.166.56.246,80,0,
41.33.203.234:1975,41.33.203.234,1975,0,
67.43.236.20:7461,67.43.236.20,7461,0,
67.43.236.20:27905,67.43.236.20,27905,0,
20.205.16.47:3128,20.205.16.47,3128,0,
67.43.228.253:3943,67.43.228.253,3943,0,
103.73.66.36:8085,103.73.66.36,8085,0,
114.9.26.110:8080,114.9.26.110,8080,0,
2.138.25.228:3128,2.138.25.228,3128,0,
39.102.213.50:3128,39.102.213.50,3128,0,
182.254.155.149:80,182.254.155.149,80,0,
190.95.132.190:999,190.95.132.190,999,0,
91.150.189.122:30389,91.150.189.122,30389,0,
103.69.20.104:58080,103.69.20.104,58080,0,
212.107.28.120:80,212.107.28.120,80,0,
134.209.29.120:3128,134.209.29.120,3128,0,
58.20.248.139:9002,58.20.248.139,9002,0,
183.162.197.197:8060,183.162.197.197,8060,0,
144.126.216.57:80,144.126.216.57,80,0,
91.189.177.188:3128,91.189.177.188,3128,0,
36.93.140.183:8080,36.93.140.183,8080,0,
202.4.119.97:5020,202.4.119.97,5020,0,
67.43.236.20:25803,67.43.236.20,25803,0,
162.214.165.203:80,162.214.165.203,80,0,
176.32.2.193:8080,176.32.2.193,8080,0,
103.105.126.9:83,103.105.126.9,83,0,
119.9.77.49:8080,119.9.77.49,8080,0,
103.124.137.150:20,103.124.137.150,20,0,
97.64.69.73:16099,97.64.69.73,16099,0,
72.10.160.91:26097,72.10.160.91,26097,0,
184.181.217.220:4145,184.181.217.220,4145,0,
164.90.136.32:999,164.90.136.32,999,0,
129.154.192.70:3128,129.154.192.70,3128,0,
149.28.134.107:2020,149.28.134.107,2020,0,
72.10.164.178:16725,72.10.164.178,16725,0,
210.61.207.92:80,210.61.207.92,80,0,
8.220.205.172:8080,8.220.205.172,8080,0,
8.130.39.117:8090,8.130.39.117,8090,0,
66.228.37.252:36702,66.228.37.252,36702,0,
181.209.82.204:999,181.209.82.204,999,0,
194.116.216.177:80,194.116.216.177,80,0,
125.77.25.178:8090,125.77.25.178,8090,0,
45.71.184.197:999,45.71.184.197,999,0,
167.71.110.174:8118,167.71.110.174,8118,0,
72.10.160.90:20421,72.10.160.90,20421,0,
67.43.227.228:21063,67.43.227.228,21063,0,
181.13.232.98:999,181.13.232.98,999,0,
103.155.199.39:8080,103.155.199.39,8080,0,
183.215.23.242:9091,183.215.23.242,9091,0,
143.255.140.28:5678,143.255.140.28,5678,0,
8.213.129.15:4444,8.213.129.15,4444,0,
47.250.177.202:9080,47.250.177.202,9080,0,
72.10.164.178:12225,72.10.164.178,12225,0,
47.250.177.202:3128,47.250.177.202,3128,0,
161.34.40.109:3128,161.34.40.109,3128,0,
72.10.160.91:18893,72.10.160.91,18893,0,
103.160.69.97:8009,103.160.69.97,8009,0,
103.151.30.25:6969,103.151.30.25,6969,0,
159.69.41.154:3128,159.69.41.154,3128,0,
89.35.237.187:8888,89.35.237.187,8888,0,
47.122.64.36:80,47.122.64.36,80,0,
203.202.253.108:5020,203.202.253.108,5020,0,
67.43.236.20:27279,67.43.236.20,27279,0,
67.43.236.20:28325,67.43.236.20,28325,0,
72.10.160.90:19437,72.10.160.90,19437,0,
38.54.6.39:4006,38.54.6.39,4006,0,
72.10.160.90:2709,72.10.160.90,2709,0,
80.249.112.162:80,80.249.112.162,80,0,
5.32.37.218:8080,5.32.37.218,8080,0,
72.10.160.170:3777,72.10.160.170,3777,0,
67.43.236.20:6481,67.43.236.20,6481,0,
91.107.147.205:80,91.107.147.205,80,0,
67.43.227.227:13891,67.43.227.227,13891,0,
67.43.227.227:5621,67.43.227.227,5621,0,
72.10.164.178:8889,72.10.164.178,8889,0,
116.203.28.43:80,116.203.28.43,80,0,
217.112.80.252:80,217.112.80.252,80,0,
67.43.236.20:10225,67.43.236.20,10225,0,
185.136.150.252:4145,185.136.150.252,4145,0,
72.10.164.178:30453,72.10.164.178,30453,0,
203.190.46.127:8090,203.190.46.127,8090,0,
140.238.207.22:80,140.238.207.22,80,0,
67.43.236.20:16087,67.43.236.20,16087,0,
185.77.3.76:8080,185.77.3.76,8080,0,
72.195.34.42:4145,72.195.34.42,4145,0,
108.181.187.213:9001,108.181.187.213,9001,0,
94.75.76.10:8080,94.75.76.10,8080,0,
154.31.200.16:6666,154.31.200.16,6666,0,
72.10.164.178:6347,72.10.164.178,6347,0,
103.183.10.167:1111,103.183.10.167,1111,0,
67.43.227.228:33033,67.43.227.228,33033,0,
103.144.18.108:9000,103.144.18.108,9000,0,
67.43.236.19:14151,67.43.236.19,14151,0,
155.94.241.133:3128,155.94.241.133,3128,0,
67.201.59.70:4145,67.201.59.70,4145,0,
190.95.183.242:2020,190.95.183.242,2020,0,
67.43.236.20:7323,67.43.236.20,7323,0,
202.150.151.138:4995,202.150.151.138,4995,0,
8.220.204.92:80,8.220.204.92,80,0,
49.245.96.145:80,49.245.96.145,80,0,
103.15.236.10:80,103.15.236.10,80,0,
47.254.90.125:8081,47.254.90.125,8081,0,
36.67.168.117:8080,36.67.168.117,8080,0,
175.106.10.227:7878,175.106.10.227,7878,0,
43.152.112.135:19819,43.152.112.135,19819,0,
41.254.48.54:19333,41.254.48.54,19333,0,
47.238.60.156:3128,47.238.60.156,3128,0,
96.70.52.227:48324,96.70.52.227,48324,0,
67.43.236.20:11403,67.43.236.20,11403,0,
52.185.132.193:8080,52.185.132.193,8080,0,
5.196.111.29:20211,5.196.111.29,20211,0,
38.45.247.98:999,38.45.247.98,999,0,
183.234.215.11:8443,183.234.215.11,8443,0,
154.203.132.49:8090,154.203.132.49,8090,0,
103.48.70.81:83,103.48.70.81,83,0,
67.43.236.19:6027,67.43.236.19,6027,0,
12.186.205.123:80,12.186.205.123,80,0,
192.252.214.20:15864,192.252.214.20,15864,0,
161.49.87.222:8095,161.49.87.222,8095,0,
190.90.39.72:999,190.90.39.72,999,0,
185.171.231.4:80,185.171.231.4,80,0,
159.196.157.188:8080,159.196.157.188,8080,0,
67.43.228.253:28557,67.43.228.253,28557,0,
67.43.228.251:12689,67.43.228.251,12689,0,
139.59.1.14:8080,139.59.1.14,8080,0,
103.162.16.47:8080,103.162.16.47,8080,0,
67.43.236.20:10257,67.43.236.20,10257,0,
84.255.40.228:8998,84.255.40.228,8998,0,
84.252.73.132:4444,84.252.73.132,4444,0,
89.35.237.187:80,89.35.237.187,80,0,
185.244.36.237:17074,185.244.36.237,17074,0,
174.138.20.66:9090,174.138.20.66,9090,0,
93.177.126.79:8088,93.177.126.79,8088,0,
103.189.250.69:8080,103.189.250.69,8080,0,
162.241.53.72:57495,162.241.53.72,57495,0,
103.169.225.33:8008,103.169.225.33,8008,0,
67.43.228.253:21471,67.43.228.253,21471,0,
159.203.75.120:3128,159.203.75.120,3128,0,
186.125.218.188:999,186.125.218.188,999,0,
103.166.10.17:8181,103.166.10.17,8181,0,
175.139.233.76:80,175.139.233.76,80,0,
67.43.228.250:26515,67.43.228.250,26515,0,
67.43.236.20:21825,67.43.236.20,21825,0,
36.94.101.111:8080,36.94.101.111,8080,0,
155.94.241.130:3128,155.94.241.130,3128,0,
51.75.126.150:9419,51.75.126.150,9419,0,
119.18.156.245:8080,119.18.156.245,8080,0,
67.43.227.227:1531,67.43.227.227,1531,0,
102.130.125.86:80,102.130.125.86,80,0,
67.43.236.21:15989,67.43.236.21,15989,0,
103.180.118.138:1111,103.180.118.138,1111,0,
67.43.227.228:26555,67.43.227.228,26555,0,
102.211.209.119:3128,102.211.209.119,3128,0,
185.164.136.123:80,185.164.136.123,80,0,
189.240.60.168:9090,189.240.60.168,9090,0,
67.43.227.229:19025,67.43.227.229,19025,0,
103.153.154.6:80,103.153.154.6,80,0,
103.83.232.122:80,103.83.232.122,80,0,
103.122.0.115:8181,103.122.0.115,8181,0,
45.71.114.147:999,45.71.114.147,999,0,
67.43.228.250:18885,67.43.228.250,18885,0,
36.93.130.218:66,36.93.130.218,66,0,
39.101.65.228:808,39.101.65.228,808,0,
191.102.123.196:999,191.102.123.196,999,0,
72.10.164.178:22077,72.10.164.178,22077,0,
34.81.72.31:80,34.81.72.31,80,0,
201.71.3.45:999,201.71.3.45,999,0,
94.73.239.124:55443,94.73.239.124,55443,0,
34.172.92.211:3128,34.172.92.211,3128,0,
152.26.231.22:9443,152.26.231.22,9443,0,
103.118.46.77:32650,103.118.46.77,32650,0,
206.224.254.234:8080,206.224.254.234,8080,0,
69.197.149.234:6363,69.197.149.234,6363,0,
142.54.229.249:4145,142.54.229.249,4145,0,
148.113.161.83:8118,148.113.161.83,8118,0,
198.52.241.7:999,198.52.241.7,999,0,
103.176.198.102:8080,103.176.198.102,8080,0,
67.43.228.251:11969,67.43.228.251,11969,0,
139.99.9.218:9141,139.99.9.218,9141,0,
189.240.60.169:9090,189.240.60.169,9090,0,
23.19.244.109:1080,23.19.244.109,1080,0,
179.97.193.250:4153,179.97.193.250,4153,0,
72.10.164.178:24697,72.10.164.178,24697,0,
67.43.236.20:25235,67.43.236.20,25235,0,
103.137.84.17:84,103.137.84.17,84,0,
36.93.163.219:8080,36.93.163.219,8080,0,
5.196.111.29:20201,5.196.111.29,20201,0,
161.34.40.36:3128,161.34.40.36,3128,0,
156.250.118.79:7001,156.250.118.79,7001,0,
35.174.189.218:80,35.174.189.218,80,0,
58.9.2.49:5002,58.9.2.49,5002,0,
103.163.227.178:8080,103.163.227.178,8080,0,
102.68.128.215:8080,102.68.128.215,8080,0,
91.189.177.189:3128,91.189.177.189,3128,0,
72.10.164.178:32649,72.10.164.178,32649,0,
38.188.249.5:8080,38.188.249.5,8080,0,
72.10.160.91:18953,72.10.160.91,18953,0,
50.62.183.223:80,50.62.183.223,80,0,
72.10.164.178:15685,72.10.164.178,15685,0,
203.89.8.107:80,203.89.8.107,80,0,
43.252.107.102:7777,43.252.107.102,7777,0,
88.80.150.7:2528,88.80.150.7,2528,0,
103.171.244.67:8088,103.171.244.67,8088,0,
72.10.164.178:9191,72.10.164.178,9191,0,
45.92.218.195:80,45.92.218.195,80,0,
47.91.104.88:3128,47.91.104.88,3128,0,
123.205.24.244:8382,123.205.24.244,8382,0,
202.150.153.218:8080,202.150.153.218,8080,0,
67.43.236.20:8539,67.43.236.20,8539,0,
47.91.110.148:80,47.91.110.148,80,0,
51.38.230.146:80,51.38.230.146,80,0,
201.91.82.155:3128,201.91.82.155,3128,0,
103.189.123.235:3125,103.189.123.235,3125,0,
8.211.200.183:80,8.211.200.183,80,0,
177.72.112.249:31164,177.72.112.249,31164,0,
81.200.149.178:80,81.200.149.178,80,0,
45.201.134.38:8080,45.201.134.38,8080,0,
103.41.250.97:8080,103.41.250.97,8080,0,
67.213.210.118:50179,67.213.210.118,50179,0,
67.43.236.18:22955,67.43.236.18,22955,0,
181.198.53.6:3128,181.198.53.6,3128,0,
165.232.129.150:80,165.232.129.150,80,0,
72.10.164.178:3925,72.10.164.178,3925,0,
103.184.19.77:8080,103.184.19.77,8080,0,
185.86.5.162:8975,185.86.5.162,8975,0,
51.210.255.127:80,51.210.255.127,80,0,
89.145.162.81:3128,89.145.162.81,3128,0,
85.192.63.15:80,85.192.63.15,80,0,
222.74.73.202:42055,222.74.73.202,42055,0,
91.199.93.32:4153,91.199.93.32,4153,0,
23.162.200.124:3128,23.162.200.124,3128,0,
190.95.132.186:999,190.95.132.186,999,0,
209.45.102.164:1080,209.45.102.164,1080,0,
94.142.138.81:3128,94.142.138.81,3128,0,
195.90.221.3:80,195.90.221.3,80,0,
72.10.164.178:21947,72.10.164.178,21947,0,
190.57.131.158:1080,190.57.131.158,1080,0,
188.116.22.67:25124,188.116.22.67,25124,0,
167.250.222.233:999,167.250.222.233,999,0,
149.129.104.73:1337,149.129.104.73,1337,0,
190.124.160.147:8080,190.124.160.147,8080,0,
45.94.135.61:4593,45.94.135.61,4593,0,
152.26.229.52:9443,152.26.229.52,9443,0,
118.179.195.20:4145,118.179.195.20,4145,0,
101.255.166.142:3128,101.255.166.142,3128,0,
187.19.127.180:4153,187.19.127.180,4153,0,
117.54.114.32:80,117.54.114.32,80,0,
201.174.38.160:999,201.174.38.160,999,0,
212.83.138.172:15980,212.83.138.172,15980,0,
147.45.75.86:80,147.45.75.86,80,0,
174.77.111.196:4145,174.77.111.196,4145,0,
46.252.255.90:18080,46.252.255.90,18080,0,
136.226.232.253:10230,136.226.232.253,10230,0,
221.231.20.60:9002,221.231.20.60,9002,0,
103.114.52.130:8080,103.114.52.130,8080,0,
103.109.2.94:4153,103.109.2.94,4153,0,
45.149.93.186:1205,45.149.93.186,1205,0,
89.46.249.252:5080,89.46.249.252,5080,0,
8.213.129.20:8090,8.213.129.20,8090,0,
103.106.195.41:32650,103.106.195.41,32650,0,
67.43.227.227:30017,67.43.227.227,30017,0,
147.161.254.89:11143,147.161.254.89,11143,0,
174.64.199.79:4145,174.64.199.79,4145,0,
181.78.73.73:999,181.78.73.73,999,0,
181.102.112.33:1080,181.102.112.33,1080,0,
114.8.131.178:8080,114.8.131.178,8080,0,
219.145.145.7:8888,219.145.145.7,8888,0,
184.178.172.5:15303,184.178.172.5,15303,0,
58.22.61.222:57981,58.22.61.222,57981,0,
132.145.134.230:80,132.145.134.230,80,0,
105.30.55.2:8080,105.30.55.2,8080,0,
67.43.227.226:14045,67.43.227.226,14045,0,
115.76.205.100:24258,115.76.205.100,24258,0,
170.85.55.2:10160,170.85.55.2,10160,0,
202.191.123.195:8090,202.191.123.195,8090,0,
69.197.149.234:6397,69.197.149.234,6397,0,
31.43.33.56:4153,31.43.33.56,4153,0,
89.35.237.187:4145,89.35.237.187,4145,0,
69.197.149.234:6315,69.197.149.234,6315,0,
222.209.81.12:10800,222.209.81.12,10800,0,
69.197.149.234:6048,69.197.149.234,6048,0,
142.93.129.142:3129,142.93.129.142,3129,0,
202.10.41.222:3128,202.10.41.222,3128,0,
171.5.12.15:4153,171.5.12.15,4153,0,
170.85.55.16:10160,170.85.55.16,10160,0,
36.255.84.69:83,36.255.84.69,83,0,
68.71.254.6:4145,68.71.254.6,4145,0,
67.43.228.253:25027,67.43.228.253,25027,0,
128.199.183.41:29099,128.199.183.41,29099,0,
103.76.149.198:8082,103.76.149.198,8082,0,
139.59.93.221:38654,139.59.93.221,38654,0,
103.79.142.170:18079,103.79.142.170,18079,0,
103.159.169.210:1111,103.159.169.210,1111,0,
36.99.192.31:9002,36.99.192.31,9002,0,
165.225.106.203:11197,165.225.106.203,11197,0,
129.146.167.15:3128,129.146.167.15,3128,0,
154.73.28.129:8080,154.73.28.129,8080,0,
37.52.13.164:5678,37.52.13.164,5678,0,
110.34.1.31:8888,110.34.1.31,8888,0,
136.226.67.9:10160,136.226.67.9,10160,0,
185.122.204.56:42936,185.122.204.56,42936,0,
103.60.187.1:52195,103.60.187.1,52195,0,
79.175.189.51:1080,79.175.189.51,1080,0,
209.121.164.50:31147,209.121.164.50,31147,0,
103.133.24.89:8181,103.133.24.89,8181,0,
210.79.146.82:8085,210.79.146.82,8085,0,
184.178.172.28:15294,184.178.172.28,15294,0,
103.175.202.34:8090,103.175.202.34,8090,0,
72.10.164.178:7749,72.10.164.178,7749,0,
67.43.227.227:11051,67.43.227.227,11051,0,
67.43.227.227:1651,67.43.227.227,1651,0,
72.10.164.178:23777,72.10.164.178,23777,0,
67.43.227.227:14331,67.43.227.227,14331,0,
178.250.88.254:80,178.250.88.254,80,0,
67.43.227.228:17303,67.43.227.228,17303,0,
162.240.58.147:48391,162.240.58.147,48391,0,
67.43.227.226:29581,67.43.227.226,29581,0,
182.66.93.222:80,182.66.93.222,80,0,
182.66.93.217:80,182.66.93.217,80,0,
67.43.227.228:23571,67.43.227.228,23571,0,
31.220.56.69:3128,31.220.56.69,3128,0,
103.162.63.198:8181,103.162.63.198,8181,0,
154.85.58.149:80,154.85.58.149,80,0,
72.10.160.173:10961,72.10.160.173,10961,0,
114.156.77.107:8080,114.156.77.107,8080,0,
154.31.200.90:6666,154.31.200.90,6666,0,
122.184.121.207:80,122.184.121.207,80,0,
67.43.228.254:3317,67.43.228.254,3317,0,
72.10.164.178:26147,72.10.164.178,26147,0,
217.66.31.176:8089,217.66.31.176,8089,0,
67.43.227.227:25129,67.43.227.227,25129,0,
222.89.237.101:9002,222.89.237.101,9002,0,
51.222.200.225:3128,51.222.200.225,3128,0,
183.238.163.8:9002,183.238.163.8,9002,0,
35.226.46.36:3128,35.226.46.36,3128,0,
67.43.228.253:31993,67.43.228.253,31993,0,
5.196.111.29:20060,5.196.111.29,20060,0,
143.244.56.83:10638,143.244.56.83,10638,0,
154.90.48.212:9090,154.90.48.212,9090,0,
67.43.236.19:4485,67.43.236.19,4485,0,
67.43.227.227:13263,67.43.227.227,13263,0,
67.43.236.20:30939,67.43.236.20,30939,0,
72.10.160.93:26097,72.10.160.93,26097,0,
182.66.93.223:80,182.66.93.223,80,0,
161.35.70.249:8080,161.35.70.249,8080,0,
102.211.209.116:3128,102.211.209.116,3128,0,
67.43.228.250:28155,67.43.228.250,28155,0,
91.107.154.126:80,91.107.154.126,80,0,
72.10.164.178:28003,72.10.164.178,28003,0,
182.66.93.216:80,182.66.93.216,80,0,
115.223.31.35:27234,115.223.31.35,27234,0,
67.43.227.228:6291,67.43.227.228,6291,0,
43.255.113.232:8082,43.255.113.232,8082,0,
72.10.160.90:8401,72.10.160.90,8401,0,
67.43.236.20:6505,67.43.236.20,6505,0,
36.89.214.21:4480,36.89.214.21,4480,0,
38.156.73.50:8080,38.156.73.50,8080,0,
58.247.136.139:9091,58.247.136.139,9091,0,
5.161.230.120:3128,5.161.230.120,3128,0,
197.98.201.12:10919,197.98.201.12,10919,0,
51.83.116.4:64749,51.83.116.4,64749,0,
203.160.61.104:4145,203.160.61.104,4145,0,
67.43.228.254:25267,67.43.228.254,25267,0,
185.229.225.22:80,185.229.225.22,80,0,
77.37.126.119:3128,77.37.126.119,3128,0,
72.10.160.90:14615,72.10.160.90,14615,0,
72.10.160.171:19753,72.10.160.171,19753,0,
72.10.160.173:8785,72.10.160.173,8785,0,
123.30.154.171:7777,123.30.154.171,7777,0,
46.47.197.210:3128,46.47.197.210,3128,0,
72.10.160.90:26245,72.10.160.90,26245,0,
68.178.168.41:80,68.178.168.41,80,0,
106.14.222.35:56650,106.14.222.35,56650,0,
183.100.14.134:8000,183.100.14.134,8000,0,
121.228.74.101:888,121.228.74.101,888,0,
31.220.78.244:80,31.220.78.244,80,0,
211.43.214.205:80,211.43.214.205,80,0,
95.216.140.215:80,95.216.140.215,80,0,
89.35.237.187:3128,89.35.237.187,3128,0,
103.172.42.235:1111,103.172.42.235,1111,0,
72.10.164.178:15523,72.10.164.178,15523,0,
67.43.228.254:2921,67.43.228.254,2921,0,
89.35.237.187:4153,89.35.237.187,4153,0,
161.123.130.118:5789,161.123.130.118,5789,0,
103.84.176.44:8083,103.84.176.44,8083,0,
143.42.66.91:80,143.42.66.91,80,0,
67.43.228.250:13831,67.43.228.250,13831,0,
195.87.136.2:5331,195.87.136.2,5331,0,
67.43.236.20:26045,67.43.236.20,26045,0,
36.93.22.154:8080,36.93.22.154,8080,0,
51.254.78.223:80,51.254.78.223,80,0,
112.78.39.90:4153,112.78.39.90,4153,0,
67.43.227.227:2009,67.43.227.227,2009,0,
72.10.160.92:3463,72.10.160.92,3463,0,
12.186.205.121:80,12.186.205.121,80,0,
93.127.215.97:80,93.127.215.97,80,0,
182.66.93.221:80,182.66.93.221,80,0,
171.5.16.97:8080,171.5.16.97,8080,0,
64.227.6.0:4003,64.227.6.0,4003,0,
67.43.228.253:9331,67.43.228.253,9331,0,
98.162.25.29:31679,98.162.25.29,31679,0,
67.43.228.253:28585,67.43.228.253,28585,0,
67.43.236.20:14287,67.43.236.20,14287,0,
67.43.236.20:28099,67.43.236.20,28099,0,
95.111.237.46:45738,95.111.237.46,45738,0,
43.252.11.68:8484,43.252.11.68,8484,0,
192.169.140.98:45739,192.169.140.98,45739,0,
12.186.205.120:80,12.186.205.120,80,0,
67.43.236.20:13047,67.43.236.20,13047,0,
152.26.229.66:9443,152.26.229.66,9443,0,
159.192.142.24:5678,159.192.142.24,5678,0,
67.43.227.227:23269,67.43.227.227,23269,0,
5.196.111.29:20198,5.196.111.29,20198,0,
72.10.160.91:31319,72.10.160.91,31319,0,
67.43.227.228:26005,67.43.227.228,26005,0,
72.10.160.90:9207,72.10.160.90,9207,0,
144.24.204.126:8118,144.24.204.126,8118,0,
27.98.187.65:8080,27.98.187.65,8080,0,
159.69.206.143:8118,159.69.206.143,8118,0,
74.119.144.60:4145,74.119.144.60,4145,0,
67.43.228.253:19015,67.43.228.253,19015,0,
47.243.92.199:3128,47.243.92.199,3128,0,
51.250.107.5:3128,51.250.107.5,3128,0,
67.43.227.226:6923,67.43.227.226,6923,0,
72.10.160.90:24433,72.10.160.90,24433,0,
134.209.29.120:8080,134.209.29.120,8080,0,
67.43.236.20:22929,67.43.236.20,22929,0,
67.43.236.18:32305,67.43.236.18,32305,0,
89.116.23.45:80,89.116.23.45,80,0,
207.180.241.82:10918,207.180.241.82,10918,0,
14.115.105.66:808,14.115.105.66,808,0,
94.130.94.45:80,94.130.94.45,80,0,
123.205.24.244:8193,123.205.24.244,8193,0,
5.196.111.29:20682,5.196.111.29,20682,0,
119.9.77.49:443,119.9.77.49,443,0,
114.252.237.79:9000,114.252.237.79,9000,0,
72.10.160.92:16451,72.10.160.92,16451,0,
72.10.164.178:13035,72.10.164.178,13035,0,
110.39.4.242:8080,110.39.4.242,8080,0,
195.26.244.163:3128,195.26.244.163,3128,0,
173.212.201.199:80,173.212.201.199,80,0,
152.26.229.88:9443,152.26.229.88,9443,0,
72.210.208.101:4145,72.210.208.101,4145,0,
72.10.160.90:19613,72.10.160.90,19613,0,
112.51.96.118:9091,112.51.96.118,9091,0,
72.10.160.90:11953,72.10.160.90,11953,0,
72.10.164.178:29777,72.10.164.178,29777,0,
67.43.236.20:1599,67.43.236.20,1599,0,
139.255.54.106:4145,139.255.54.106,4145,0,
198.12.85.213:80,198.12.85.213,80,0,
82.102.10.253:80,82.102.10.253,80,0,
43.130.146.142:3128,43.130.146.142,3128,0,
185.61.149.233:3010,185.61.149.233,3010,0,
185.82.238.203:5678,185.82.238.203,5678,0,
194.87.246.168:80,194.87.246.168,80,0,
68.188.93.171:8080,68.188.93.171,8080,0,
182.66.93.220:80,182.66.93.220,80,0,
72.10.160.173:3805,72.10.160.173,3805,0,
192.252.209.155:14455,192.252.209.155,14455,0,
155.94.241.134:3128,155.94.241.134,3128,0,
139.162.78.109:3128,139.162.78.109,3128,0,
38.242.199.111:47460,38.242.199.111,47460,0,
124.205.141.242:3128,124.205.141.242,3128,0,
67.43.228.251:28585,67.43.228.251,28585,0,
72.10.160.90:4519,72.10.160.90,4519,0,
188.40.59.208:3128,188.40.59.208,3128,0,
159.65.221.55:3128,159.65.221.55,3128,0,
52.82.123.144:3128,52.82.123.144,3128,0,
188.165.49.152:80,188.165.49.152,80,0,
67.43.236.21:31841,67.43.236.21,31841,0,
72.10.160.90:16163,72.10.160.90,16163,0,
111.225.153.124:8089,111.225.153.124,8089,0,
111.225.153.191:8089,111.225.153.191,8089,0,
111.225.152.208:8089,111.225.152.208,8089,0,
1.94.31.35:8888,1.94.31.35,8888,0,
202.61.204.51:80,202.61.204.51,80,0,
184.181.217.213:4145,184.181.217.213,4145,0,
72.10.160.90:2801,72.10.160.90,2801,0,
58.47.50.151:8118,58.47.50.151,8118,0,
72.10.164.178:9765,72.10.164.178,9765,0,
182.66.93.219:80,182.66.93.219,80,0,
111.225.152.29:8089,111.225.152.29,8089,0,
72.10.164.178:18073,72.10.164.178,18073,0,
4.155.2.13:9480,4.155.2.13,9480,0,
67.43.227.227:6849,67.43.227.227,6849,0,
49.13.252.196:80,49.13.252.196,80,0,
20.118.221.52:3128,20.118.221.52,3128,0,
5.196.111.29:20575,5.196.111.29,20575,0,
67.43.227.227:31057,67.43.227.227,31057,0,
77.91.101.174:3128,77.91.101.174,3128,0,
72.10.160.92:27313,72.10.160.92,27313,0,
72.10.160.90:2657,72.10.160.90,2657,0,
67.43.228.252:19497,67.43.228.252,19497,0,
160.22.16.16:3128,160.22.16.16,3128,0,
139.59.1.14:3128,139.59.1.14,3128,0,
67.43.236.18:5435,67.43.236.18,5435,0,
67.43.236.19:15477,67.43.236.19,15477,0,
182.66.93.218:80,182.66.93.218,80,0,
110.80.140.213:443,110.80.140.213,443,0,
195.54.171.228:25124,195.54.171.228,25124,0,
72.10.160.90:1335,72.10.160.90,1335,0,
111.225.153.5:8089,111.225.153.5,8089,0,
176.65.240.15:80,176.65.240.15,80,0,
223.100.178.167:9091,223.100.178.167,9091,0,
67.43.236.20:20123,67.43.236.20,20123,0,
162.43.33.87:3128,162.43.33.87,3128,0,
223.113.80.158:9091,223.113.80.158,9091,0,
165.16.6.153:1981,165.16.6.153,1981,0,
72.10.160.173:5547,72.10.160.173,5547,0,
203.110.145.82:63128,203.110.145.82,63128,0,
136.243.225.229:3128,136.243.225.229,3128,0,
84.39.112.144:3128,84.39.112.144,3128,0,
77.91.70.98:80,77.91.70.98,80,0,
72.10.164.178:18635,72.10.164.178,18635,0,
20.210.113.32:8123,20.210.113.32,8123,0,
67.43.228.250:6549,67.43.228.250,6549,0,
103.197.48.54:9898,103.197.48.54,9898,0,
72.10.160.90:24683,72.10.160.90,24683,0,
99.56.147.242:56250,99.56.147.242,56250,0,
5.78.79.86:8080,5.78.79.86,8080,0,
5.78.80.192:8080,5.78.80.192,8080,0,
5.78.82.159:8080,5.78.82.159,8080,0,
5.78.82.23:8080,5.78.82.23,8080,0,
5.78.83.223:8080,5.78.83.223,8080,0,
5.78.84.152:8080,5.78.84.152,8080,0,
5.78.84.238:8080,5.78.84.238,8080,0,
5.78.84.83:8080,5.78.84.83,8080,0,
5.78.85.193:8080,5.78.85.193,8080,0,
5.78.86.51:8080,5.78.86.51,8080,0,
5.78.88.155:8080,5.78.88.155,8080,0,
5.78.88.216:8080,5.78.88.216,8080,0,
5.78.88.74:8080,5.78.88.74,8080,0,
5.78.89.219:8080,5.78.89.219,8080,0,
5.78.91.180:8080,5.78.91.180,8080,0,
62.201.223.9:8186,62.201.223.9,8186,0,
62.205.169.74:53281,62.205.169.74,53281,0,
51.75.4.235:3128,51.75.4.235,3128,0,
51.75.6.76:3128,51.75.6.76,3128,0,
51.75.7.120:3128,51.75.7.120,3128,0,
51.79.50.22:9300,51.79.50.22,9300,0,
51.79.50.31:9300,51.79.50.31,9300,0,
51.79.50.46:5566,51.79.50.46,5566,0,
51.79.50.46:9300,51.79.50.46,9300,0,
51.83.184.241:8080,51.83.184.241,8080,0,
51.91.76.186:8080,51.91.76.186,8080,0,
52.90.243.240:8118,52.90.243.240,8118,0,
54.147.188.115:9999,54.147.188.115,9999,0,
54.147.241.68:9999,54.147.241.68,9999,0,
54.152.43.39:9999,54.152.43.39,9999,0,
54.224.48.115:9999,54.224.48.115,9999,0,
54.36.81.217:8080,54.36.81.217,8080,0,
58.147.187.46:3125,58.147.187.46,3125,0,
58.32.1.58:8090,58.32.1.58,8090,0,
58.69.117.212:8082,58.69.117.212,8082,0,
58.69.146.173:8080,58.69.146.173,8080,0,
77.61.172.158:8090,77.61.172.158,8090,0,
58.69.65.19:8082,58.69.65.19,8082,0,
59.103.190.114:4995,59.103.190.114,4995,0,
77.89.35.50:8080,77.89.35.50,8080,0,
59.152.63.68:9000,59.152.63.68,9000,0,
59.49.33.221:7302,59.49.33.221,7302,0,
78.186.99.208:10001,78.186.99.208,10001,0,
60.211.218.78:53281,60.211.218.78,53281,0,
61.145.212.31:3128,61.145.212.31,3128,0,
78.29.36.210:9080,78.29.36.210,9080,0,
61.178.99.43:7302,61.178.99.43,7302,0,
61.19.145.66:8080,61.19.145.66,8080,0,
78.98.170.186:8080,78.98.170.186,8080,0,
61.216.156.222:60808,61.216.156.222,60808,0,
61.7.146.7:80,61.7.146.7,80,0,
79.106.165.246:8989,79.106.165.246,8989,0,
61.7.146.7:8082,61.7.146.7,8082,0,
79.106.229.115:8989,79.106.229.115,8989,0,
79.106.229.118:8989,79.106.229.118,8989,0,
79.127.56.147:8080,79.127.56.147,8080,0,
79.130.206.53:8080,79.130.206.53,8080,0,
79.142.95.90:55443,79.142.95.90,55443,0,
79.173.75.182:3629,79.173.75.182,3629,0,
8.140.3.10:8083,8.140.3.10,8083,0,
61.9.32.62:65535,61.9.32.62,65535,0,
61.9.33.118:1337,61.9.33.118,1337,0,
62.109.30.199:3128,62.109.30.199,3128,0,
62.201.217.194:8080,62.201.217.194,8080,0,
80.82.55.71:80,80.82.55.71,80,0,
80.84.176.110:8080,80.84.176.110,8080,0,
80.87.213.45:8080,80.87.213.45,8080,0,
80.87.217.6:8080,80.87.217.6,8080,0,
80.91.116.129:8081,80.91.116.129,8081,0,
81.12.118.94:32650,81.12.118.94,32650,0,
81.12.122.10:8080,81.12.122.10,8080,0,
81.12.40.253:8080,81.12.40.253,8080,0,
81.134.57.82:3128,81.134.57.82,3128,0,
81.16.245.179:53281,81.16.245.179,53281,0,
81.174.11.159:61743,81.174.11.159,61743,0,
81.88.212.98:8080,81.88.212.98,8080,0,
82.102.20.230:8443,82.102.20.230,8443,0,
5.78.103.224:8080,5.78.103.224,8080,0,
5.78.40.148:8080,5.78.40.148,8080,0,
82.137.244.151:8080,82.137.244.151,8080,0,
5.78.42.170:8080,5.78.42.170,8080,0,
5.78.42.62:50001,5.78.42.62,50001,0,
5.78.45.181:8080,5.78.45.181,8080,0,
82.147.118.164:8080,82.147.118.164,8080,0,
5.78.65.102:8080,5.78.65.102,8080,0,
5.78.65.154:8080,5.78.65.154,8080,0,
82.200.150.194:443,82.200.150.194,443,0,
82.200.80.118:8080,82.200.80.118,8080,0,
82.79.213.118:9812,82.79.213.118,9812,0,
83.171.114.92:45822,83.171.114.92,45822,0,
83.217.16.172:8080,83.217.16.172,8080,0,
84.2.209.55:8080,84.2.209.55,8080,0,
84.204.40.154:8080,84.204.40.154,8080,0,
5.78.66.187:8080,5.78.66.187,8080,0,
84.241.8.234:8080,84.241.8.234,8080,0,
5.78.67.98:8080,5.78.67.98,8080,0,
5.78.74.216:8080,5.78.74.216,8080,0,
5.78.77.147:8080,5.78.77.147,8080,0,
5.78.77.53:8080,5.78.77.53,8080,0,
84.255.35.210:9898,84.255.35.210,9898,0,
5.78.78.180:8080,5.78.78.180,8080,0,
8.219.115.145:3128,8.219.115.145,3128,0,
84.84.248.90:8080,84.84.248.90,8080,0,
8.219.176.202:8080,8.219.176.202,8080,0,
85.109.104.100:9090,85.109.104.100,9090,0,
8.242.178.3:999,8.242.178.3,999,0,
8.242.205.41:9991,8.242.205.41,9991,0,
80.106.247.145:53410,80.106.247.145,53410,0,
85.114.120.221:9999,85.114.120.221,9999,0,
80.14.219.107:3128,80.14.219.107,3128,0,
85.117.56.147:8080,85.117.56.147,8080,0,
85.118.105.20:41128,85.118.105.20,41128,0,
85.132.29.134:8080,85.132.29.134,8080,0,
85.185.238.74:8080,85.185.238.74,8080,0,
85.196.179.34:8080,85.196.179.34,8080,0,
85.222.163.82:8080,85.222.163.82,8080,0,
85.226.30.137:80,85.226.30.137,80,0,
85.234.126.107:55555,85.234.126.107,55555,0,
85.235.184.186:3129,85.235.184.186,3129,0,
85.238.104.216:8088,85.238.104.216,8088,0,
85.62.10.82:8080,85.62.10.82,8080,0,
86.107.197.127:8080,86.107.197.127,8080,0,
86.110.27.165:3128,86.110.27.165,3128,0,
87.103.133.243:4444,87.103.133.243,4444,0,
87.225.105.108:8080,87.225.105.108,8080,0,
87.250.63.90:80,87.250.63.90,80,0,
87.250.63.90:8080,87.250.63.90,8080,0,
87.255.200.108:60080,87.255.200.108,60080,0,
88.150.15.30:80,88.150.15.30,80,0,
88.150.15.30:8080,88.150.15.30,8080,0,
88.198.80.203:8443,88.198.80.203,8443,0,
88.255.102.7:8080,88.255.102.7,8080,0,
88.255.218.69:8080,88.255.218.69,8080,0,
88.255.52.251:8080,88.255.52.251,8080,0,
88.87.95.143:5948,88.87.95.143,5948,0,
89.187.162.69:8443,89.187.162.69,8443,0,
89.203.235.110:9999,89.203.235.110,9999,0,
94.231.192.97:8080,94.231.192.97,8080,0,
94.233.39.70:8080,94.233.39.70,8080,0,
91.185.60.5:8080,91.185.60.5,8080,0,
91.197.77.118:443,91.197.77.118,443,0,
94.24.242.194:8080,94.24.242.194,8080,0,
91.202.72.105:8080,91.202.72.105,8080,0,
91.204.239.189:8080,91.204.239.189,8080,0,
94.247.208.16:8123,94.247.208.16,8123,0,
91.213.119.246:31551,91.213.119.246,31551,0,
91.224.168.142:32650,91.224.168.142,32650,0,
94.74.163.195:80,94.74.163.195,80,0,
94.74.163.218:80,94.74.163.218,80,0,
94.74.163.220:80,94.74.163.220,80,0,
95.143.8.182:57169,95.143.8.182,57169,0,
95.165.163.188:60103,95.165.163.188,60103,0,
95.167.29.50:8080,95.167.29.50,8080,0,
91.225.48.111:8888,91.225.48.111,8888,0,
91.231.61.1:8090,91.231.61.1,8090,0,
91.233.111.49:1080,91.233.111.49,1080,0,
95.170.219.13:8080,95.170.219.13,8080,0,
91.236.156.30:8282,91.236.156.30,8282,0,
91.244.115.221:48080,91.244.115.221,48080,0,
95.214.123.200:8080,95.214.123.200,8080,0,
91.93.42.118:10001,91.93.42.118,10001,0,
92.249.113.194:55443,92.249.113.194,55443,0,
95.216.194.46:1080,95.216.194.46,1080,0,
92.255.177.107:81,92.255.177.107,81,0,
92.255.177.110:81,92.255.177.110,81,0,
95.216.194.46:1081,95.216.194.46,1081,0,
92.255.205.129:8080,92.255.205.129,8080,0,
92.255.231.131:3128,92.255.231.131,3128,0,
92.42.248.130:8888,92.42.248.130,8888,0,
95.56.254.139:3128,95.56.254.139,3128,0,
92.80.1.202:8082,92.80.1.202,8082,0,
93.175.204.173:8080,93.175.204.173,8080,0,
95.57.216.118:8080,95.57.216.118,8080,0,
93.183.184.252:8080,93.183.184.252,8080,0,
95.68.227.128:8080,95.68.227.128,8080,0,
98.96.174.54:8118,98.96.174.54,8118,0,
93.185.74.214:8088,93.185.74.214,8088,0,
93.41.142.213:8080,93.41.142.213,8080,0,
93.91.112.247:41258,93.91.112.247,41258,0,
94.102.234.186:32650,94.102.234.186,32650,0,
94.102.235.118:32650,94.102.235.118,32650,0,
94.102.237.190:32650,94.102.237.190,32650,0,
94.153.163.226:81,94.153.163.226,81,0,
94.198.215.22:8080,94.198.215.22,8080,0,
94.231.178.249:9797,94.231.178.249,9797,0,
94.231.192.38:8080,94.231.192.38,8080,0,
103.111.191.110:80,103.111.191.110,80,0,
103.112.177.114:8080,103.112.177.114,8080,0,
103.112.22.22:83,103.112.22.22,83,0,
103.112.22.22:84,103.112.22.22,84,0,
103.112.22.81:84,103.112.22.81,84,0,
103.114.11.197:8080,103.114.11.197,8080,0,
103.114.98.217:6000,103.114.98.217,6000,0,
103.117.30.238:8080,103.117.30.238,8080,0,
103.118.175.154:6969,103.118.175.154,6969,0,
103.118.175.199:8181,103.118.175.199,8181,0,
103.118.175.200:3127,103.118.175.200,3127,0,
103.118.33.170:8080,103.118.33.170,8080,0,
103.118.46.53:32650,103.118.46.53,32650,0,
103.119.55.232:10001,103.119.55.232,10001,0,
103.120.175.243:9191,103.120.175.243,9191,0,
103.121.199.165:8080,103.121.199.165,8080,0,
103.122.202.2:8080,103.122.202.2,8080,0,
103.122.60.213:8080,103.122.60.213,8080,0,
103.122.60.229:8080,103.122.60.229,8080,0,
103.124.137.200:8089,103.124.137.200,8089,0,
103.124.137.203:8080,103.124.137.203,8080,0,
103.124.139.137:8080,103.124.139.137,8080,0,
103.124.97.12:8080,103.124.97.12,8080,0,
103.125.173.14:8080,103.125.173.14,8080,0,
103.125.173.34:8080,103.125.173.34,8080,0,
103.125.174.209:8080,103.125.174.209,8080,0,
103.125.240.242:8080,103.125.240.242,8080,0,
103.126.173.13:8080,103.126.173.13,8080,0,
103.130.106.73:83,103.130.106.73,83,0,
103.130.175.169:8080,103.130.175.169,8080,0,
103.130.4.17:8080,103.130.4.17,8080,0,
103.130.70.233:83,103.130.70.233,83,0,
103.130.90.122:8080,103.130.90.122,8080,0,
103.131.18.229:1080,103.131.18.229,1080,0,
103.131.19.144:3127,103.131.19.144,3127,0,
103.133.25.18:8181,103.133.25.18,8181,0,
103.134.220.180:3125,103.134.220.180,3125,0,
103.134.223.180:3125,103.134.223.180,3125,0,
103.134.98.97:83,103.134.98.97,83,0,
103.136.207.253:8081,103.136.207.253,8081,0,
103.137.218.181:83,103.137.218.181,83,0,
103.156.233.128:3125,103.156.233.128,3125,0,
103.138.185.1:83,103.138.185.1,83,0,
103.138.251.72:8080,103.138.251.72,8080,0,
103.138.62.34:8080,103.138.62.34,8080,0,
103.139.144.242:8080,103.139.144.242,8080,0,
103.139.242.113:82,103.139.242.113,82,0,
103.139.242.113:83,103.139.242.113,83,0,
103.139.242.113:84,103.139.242.113,84,0,
103.139.242.181:83,103.139.242.181,83,0,
103.14.72.21:8889,103.14.72.21,8889,0,
103.140.142.201:32650,103.140.142.201,32650,0,
103.141.109.209:8080,103.141.109.209,8080,0,
103.141.109.237:8080,103.141.109.237,8080,0,
103.141.247.6:8080,103.141.247.6,8080,0,
103.142.21.197:8080,103.142.21.197,8080,0,
103.143.168.177:83,103.143.168.177,83,0,
103.143.197.19:8080,103.143.197.19,8080,0,
1.1.189.58:8080,1.1.189.58,8080,0,
103.143.63.11:3125,103.143.63.11,3125,0,
1.1.220.63:8080,1.1.220.63,8080,0,
103.144.18.94:8083,103.144.18.94,8083,0,
1.10.141.115:8080,1.10.141.115,8080,0,
103.167.70.128:8080,103.167.70.128,8080,0,
1.179.144.41:8080,1.179.144.41,8080,0,
103.144.221.218:8080,103.144.221.218,8080,0,
1.179.148.9:55636,1.179.148.9,55636,0,
103.144.38.75:8080,103.144.38.75,8080,0,
103.156.233.175:3125,103.156.233.175,3125,0,
1.20.207.99:8080,1.20.207.99,8080,0,
103.144.38.78:8080,103.144.38.78,8080,0,
1.20.225.123:8080,1.20.225.123,8080,0,
103.145.128.179:8088,103.145.128.179,8088,0,
1.85.52.250:9797,1.85.52.250,9797,0,
103.145.247.18:8080,103.145.247.18,8080,0,
1.9.83.210:1337,1.9.83.210,1337,0,
103.145.57.109:8080,103.145.57.109,8080,0,
101.108.154.17:8080,101.108.154.17,8080,0,
103.145.57.50:8080,103.145.57.50,8080,0,
101.109.34.70:8080,101.109.34.70,8080,0,
103.146.182.98:3128,103.146.182.98,3128,0,
101.255.117.138:2020,101.255.117.138,2020,0,
103.146.185.110:3127,103.146.185.110,3127,0,
101.255.126.99:8081,101.255.126.99,8081,0,
101.255.164.50:3129,101.255.164.50,3129,0,
101.255.165.217:8080,101.255.165.217,8080,0,
101.255.165.218:8080,101.255.165.218,8080,0,
101.255.167.142:1111,101.255.167.142,1111,0,
103.146.196.13:8080,103.146.196.13,8080,0,
101.255.64.241:8080,101.255.64.241,8080,0,
103.146.196.96:32650,103.146.196.96,32650,0,
101.99.32.122:8080,101.99.32.122,8080,0,
103.147.118.5:9091,103.147.118.5,9091,0,
102.130.133.102:53281,102.130.133.102,53281,0,
103.147.118.65:9091,103.147.118.65,9091,0,
102.130.192.231:8080,102.130.192.231,8080,0,
103.156.249.113:8181,103.156.249.113,8181,0,
103.147.246.84:8080,103.147.246.84,8080,0,
102.134.127.15:8080,102.134.127.15,8080,0,
103.156.249.114:8181,103.156.249.114,8181,0,
103.147.247.132:8080,103.147.247.132,8080,0,
102.176.103.134:8080,102.176.103.134,8080,0,
103.156.249.52:8080,103.156.249.52,8080,0,
103.148.113.148:1234,103.148.113.148,1234,0,
102.216.69.176:8080,102.216.69.176,8080,0,
103.156.249.82:1111,103.156.249.82,1111,0,
103.148.195.22:8080,103.148.195.22,8080,0,
102.219.212.85:8080,102.219.212.85,8080,0,
103.156.71.86:8880,103.156.71.86,8880,0,
103.148.24.89:8181,103.148.24.89,8181,0,
102.220.114.253:8080,102.220.114.253,8080,0,
103.157.117.8:8080,103.157.117.8,8080,0,
103.148.39.50:82,103.148.39.50,82,0,
102.223.88.29:8080,102.223.88.29,8080,0,
103.158.121.201:8181,103.158.121.201,8181,0,
103.148.39.50:83,103.148.39.50,83,0,
102.38.22.32:8080,102.38.22.32,8080,0,
103.158.253.130:8080,103.158.253.130,8080,0,
103.148.39.50:84,103.148.39.50,84,0,
102.38.5.129:8080,102.38.5.129,8080,0,
103.159.194.228:8080,103.159.194.228,8080,0,
103.148.45.38:8080,103.148.45.38,8080,0,
102.38.6.225:8080,102.38.6.225,8080,0,
103.159.195.139:8080,103.159.195.139,8080,0,
103.149.194.110:32650,103.149.194.110,32650,0,
102.39.84.10:8080,102.39.84.10,8080,0,
103.159.218.185:41890,103.159.218.185,41890,0,
103.149.194.22:8080,103.149.194.22,8080,0,
102.68.128.211:8080,102.68.128.211,8080,0,
103.159.96.10:3125,103.159.96.10,3125,0,
103.149.194.24:32650,103.149.194.24,32650,0,
103.159.96.110:8085,103.159.96.110,8085,0,
103.149.194.49:32650,103.149.194.49,32650,0,
102.68.128.218:8080,102.68.128.218,8080,0,
103.159.96.6:3125,103.159.96.6,3125,0,
103.149.194.4:32650,103.149.194.4,32650,0,
102.68.135.129:8080,102.68.135.129,8080,0,
103.16.119.4:8181,103.16.119.4,8181,0,
103.149.195.33:80,103.149.195.33,80,0,
102.68.135.157:8080,102.68.135.157,8080,0,
103.16.133.226:8080,103.16.133.226,8080,0,
103.15.60.21:8080,103.15.60.21,8080,0,
102.68.135.205:8080,102.68.135.205,8080,0,
103.160.201.244:2021,103.160.201.244,2021,0,
103.151.140.165:8080,103.151.140.165,8080,0,
102.68.136.1:83,102.68.136.1,83,0,
103.160.232.122:8080,103.160.232.122,8080,0,
103.151.177.106:80,103.151.177.106,80,0,
103.1.50.214:3125,103.1.50.214,3125,0,
103.160.68.43:8090,103.160.68.43,8090,0,
103.151.177.221:8080,103.151.177.221,8080,0,
103.1.93.184:55443,103.1.93.184,55443,0,
103.161.30.1:83,103.161.30.1,83,0,
103.151.34.130:8082,103.151.34.130,8082,0,
103.1.93.46:80,103.1.93.46,80,0,
103.162.154.3:8888,103.162.154.3,8888,0,
103.151.47.221:8080,103.151.47.221,8080,0,
103.10.58.205:8080,103.10.58.205,8080,0,
103.162.16.81:4995,103.162.16.81,4995,0,
103.152.104.186:32650,103.152.104.186,32650,0,
103.101.231.51:8080,103.101.231.51,8080,0,
103.162.205.20:8181,103.162.205.20,8181,0,
103.152.232.123:3125,103.152.232.123,3125,0,
103.101.82.106:80,103.101.82.106,80,0,
103.162.205.252:8181,103.162.205.252,8181,0,
103.152.232.84:8080,103.152.232.84,8080,0,
103.102.14.147:2020,103.102.14.147,2020,0,
103.162.30.117:20000,103.162.30.117,20000,0,
103.152.40.216:32650,103.152.40.216,32650,0,
103.102.176.45:3128,103.102.176.45,3128,0,
103.162.30.118:20000,103.162.30.118,20000,0,
103.153.136.188:8080,103.153.136.188,8080,0,
103.102.85.1:8080,103.102.85.1,8080,0,
103.162.30.119:20000,103.162.30.119,20000,0,
103.153.190.78:8081,103.153.190.78,8081,0,
103.103.3.6:8080,103.103.3.6,8080,0,
103.162.62.41:8080,103.162.62.41,8080,0,
103.153.190.94:8081,103.153.190.94,8081,0,
103.104.193.22:8080,103.104.193.22,8080,0,
103.162.63.131:8090,103.162.63.131,8090,0,
103.21.217.89:3888,103.21.217.89,3888,0,
103.105.126.2:82,103.105.126.2,82,0,
103.163.102.36:8080,103.163.102.36,8080,0,
103.153.191.119:3128,103.153.191.119,3128,0,
103.105.126.2:83,103.105.126.2,83,0,
103.163.13.124:8080,103.163.13.124,8080,0,
103.153.232.241:8080,103.153.232.241,8080,0,
103.105.126.2:84,103.105.126.2,84,0,
103.163.13.15:3125,103.163.13.15,3125,0,
103.153.233.12:8080,103.153.233.12,8080,0,
103.105.228.168:8080,103.105.228.168,8080,0,
103.163.231.116:8080,103.163.231.116,8080,0,
103.153.247.70:3125,103.153.247.70,3125,0,
103.105.228.66:8080,103.105.228.66,8080,0,
103.163.231.238:8080,103.163.231.238,8080,0,
103.153.34.22:8181,103.153.34.22,8181,0,
103.211.26.230:8181,103.211.26.230,8181,0,
103.163.236.114:8081,103.163.236.114,8081,0,
103.153.40.38:8080,103.153.40.38,8080,0,
103.105.55.170:8080,103.105.55.170,8080,0,
103.163.236.142:8081,103.163.236.142,8081,0,
103.154.137.30:32650,103.154.137.30,32650,0,
103.105.55.76:3125,103.105.55.76,3125,0,
103.164.193.43:3127,103.164.193.43,3127,0,
103.154.230.105:5678,103.154.230.105,5678,0,
103.105.69.254:2021,103.105.69.254,2021,0,
103.164.99.58:8181,103.164.99.58,8181,0,
103.154.230.129:8080,103.154.230.129,8080,0,
103.105.76.127:8080,103.105.76.127,8080,0,
103.165.126.244:8080,103.165.126.244,8080,0,
103.154.230.58:8080,103.154.230.58,8080,0,
103.105.76.135:8080,103.105.76.135,8080,0,
103.165.126.246:8080,103.165.126.246,8080,0,
103.105.76.182:9090,103.105.76.182,9090,0,
103.165.155.59:1111,103.165.155.59,1111,0,
103.105.76.65:8080,103.105.76.65,8080,0,
103.165.155.73:1111,103.165.155.73,1111,0,
103.105.76.7:8080,103.105.76.7,8080,0,
103.165.155.75:1111,103.165.155.75,1111,0,
103.106.193.41:7532,103.106.193.41,7532,0,
103.165.157.76:8080,103.165.157.76,8080,0,
103.109.197.44:8010,103.109.197.44,8010,0,
103.165.251.129:3125,103.165.251.129,3125,0,
103.109.209.28:6969,103.109.209.28,6969,0,
103.211.26.249:8080,103.211.26.249,8080,0,
103.154.92.74:8080,103.154.92.74,8080,0,
103.110.10.190:3128,103.110.10.190,3128,0,
103.165.253.149:3125,103.165.253.149,3125,0,
103.155.166.81:8181,103.155.166.81,8181,0,
103.166.10.57:3125,103.166.10.57,3125,0,
103.155.166.92:8181,103.155.166.92,8181,0,
103.166.10.5:3125,103.166.10.5,3125,0,
103.155.197.49:8080,103.155.197.49,8080,0,
103.166.197.34:3128,103.166.197.34,3128,0,
103.155.198.67:8080,103.155.198.67,8080,0,
103.167.107.149:8080,103.167.107.149,8080,0,
103.155.54.137:83,103.155.54.137,83,0,
103.167.171.55:1111,103.167.171.55,1111,0,
103.155.54.38:83,103.155.54.38,83,0,
103.167.222.19:8181,103.167.222.19,8181,0,
103.155.62.158:8080,103.155.62.158,8080,0,
103.167.68.77:8080,103.167.68.77,8080,0,
103.155.62.163:8080,103.155.62.163,8080,0,
103.167.69.238:8080,103.167.69.238,8080,0,
103.156.140.150:8181,103.156.140.150,8181,0,
103.38.5.226:82,103.38.5.226,82,0,
103.156.17.35:8181,103.156.17.35,8181,0,
103.168.224.73:8081,103.168.224.73,8081,0,
103.156.17.39:8181,103.156.17.39,8181,0,
103.168.224.99:8081,103.168.224.99,8081,0,
103.156.192.253:8085,103.156.192.253,8085,0,
103.168.44.114:8080,103.168.44.114,8080,0,
103.156.216.178:3128,103.156.216.178,3128,0,
103.168.86.2:8080,103.168.86.2,8080,0,
103.156.216.178:443,103.156.216.178,443,0,
103.169.149.9:8080,103.169.149.9,8080,0,
103.156.216.178:80,103.156.216.178,80,0,
103.169.189.46:9090,103.169.189.46,9090,0,
103.156.216.194:443,103.156.216.194,443,0,
103.169.254.164:8061,103.169.254.164,8061,0,
103.156.216.194:80,103.156.216.194,80,0,
103.169.254.55:8061,103.169.254.55,8061,0,
103.156.216.194:8080,103.156.216.194,8080,0,
103.169.255.187:8092,103.169.255.187,8092,0,
103.156.216.194:8443,103.156.216.194,8443,0,
103.169.255.189:8061,103.169.255.189,8061,0,
103.156.232.93:3125,103.156.232.93,3125,0,
103.169.53.87:8080,103.169.53.87,8080,0,
103.212.239.42:3125,103.212.239.42,3125,0,
103.170.115.214:2020,103.170.115.214,2020,0,
103.214.201.209:80,103.214.201.209,80,0,
103.170.115.223:2020,103.170.115.223,2020,0,
103.214.201.209:8080,103.214.201.209,8080,0,
103.170.22.50:8089,103.170.22.50,8089,0,
103.215.207.50:81,103.215.207.50,81,0,
103.170.96.33:8080,103.170.96.33,8080,0,
103.215.207.50:83,103.215.207.50,83,0,
103.171.182.225:8080,103.171.182.225,8080,0,
103.215.207.54:81,103.215.207.54,81,0,
103.171.183.201:8181,103.171.183.201,8181,0,
103.215.207.54:83,103.215.207.54,83,0,
103.171.83.174:3125,103.171.83.174,3125,0,
103.215.207.98:81,103.215.207.98,81,0,
103.172.197.123:8888,103.172.197.123,8888,0,
103.215.207.98:82,103.215.207.98,82,0,
103.172.70.139:9191,103.172.70.139,9191,0,
103.215.207.98:83,103.215.207.98,83,0,
103.172.70.140:9191,103.172.70.140,9191,0,
103.215.25.86:4995,103.215.25.86,4995,0,
103.216.49.188:32650,103.216.49.188,32650,0,
103.216.50.88:32650,103.216.50.88,32650,0,
103.217.173.210:53905,103.217.173.210,53905,0,
103.217.72.73:32650,103.217.72.73,32650,0,
103.220.206.110:59570,103.220.206.110,59570,0,
103.172.70.237:8080,103.172.70.237,8080,0,
103.221.254.121:8080,103.221.254.121,8080,0,
103.173.138.238:8080,103.173.138.238,8080,0,
103.226.232.188:3125,103.226.232.188,3125,0,
103.173.139.11:8080,103.173.139.11,8080,0,
103.227.252.102:8080,103.227.252.102,8080,0,
103.173.139.1:8080,103.173.139.1,8080,0,
103.235.34.186:7777,103.235.34.186,7777,0,
103.173.230.128:1080,103.173.230.128,1080,0,
103.236.191.83:8080,103.236.191.83,8080,0,
103.174.181.119:1080,103.174.181.119,1080,0,
103.24.125.33:83,103.24.125.33,83,0,
103.174.236.52:8080,103.174.236.52,8080,0,
103.24.125.33:84,103.24.125.33,84,0,
103.174.4.162:8080,103.174.4.162,8080,0,
103.241.206.29:3129,103.241.206.29,3129,0,
103.174.45.58:8080,103.174.45.58,8080,0,
103.242.205.90:3128,103.242.205.90,3128,0,
103.243.177.90:8080,103.243.177.90,8080,0,
103.174.81.225:83,103.174.81.225,83,0,
103.244.38.36:3125,103.244.38.36,3125,0,
103.174.81.66:8080,103.174.81.66,8080,0,
103.245.17.77:8080,103.245.17.77,8080,0,
103.175.46.104:3125,103.175.46.104,3125,0,
103.245.18.3:8080,103.245.18.3,8080,0,
103.175.46.200:3125,103.175.46.200,3125,0,
103.245.204.42:8080,103.245.204.42,8080,0,
103.175.46.9:3125,103.175.46.9,3125,0,
103.176.96.105:8088,103.176.96.105,8088,0,
103.245.204.90:32650,103.245.204.90,32650,0,
103.245.76.9:32650,103.245.76.9,32650,0,
103.176.96.129:8082,103.176.96.129,8082,0,
103.247.21.101:1080,103.247.21.101,1080,0,
103.176.96.214:8082,103.176.96.214,8082,0,
103.247.217.17:8080,103.247.217.17,8080,0,
103.178.42.14:8181,103.178.42.14,8181,0,
103.247.22.71:3127,103.247.22.71,3127,0,
103.178.43.100:8181,103.178.43.100,8181,0,
103.247.23.69:8080,103.247.23.69,8080,0,
103.178.43.1:8181,103.178.43.1,8181,0,
103.248.120.5:8080,103.248.120.5,8080,0,
103.178.43.2:8181,103.178.43.2,8181,0,
103.248.197.11:3125,103.248.197.11,3125,0,
103.178.43.5:8181,103.178.43.5,8181,0,
103.248.197.12:3125,103.248.197.12,3125,0,
103.179.253.49:8181,103.179.253.49,8181,0,
103.25.192.121:8080,103.25.192.121,8080,0,
103.18.46.253:443,103.18.46.253,443,0,
103.18.47.107:8080,103.18.47.107,8080,0,
103.25.79.162:32650,103.25.79.162,32650,0,
103.254.185.195:53281,103.254.185.195,53281,0,
103.180.1.53:8080,103.180.1.53,8080,0,
103.29.91.38:32650,103.29.91.38,32650,0,
103.30.246.41:8888,103.30.246.41,8888,0,
103.180.118.114:3127,103.180.118.114,3127,0,
103.36.10.194:3125,103.36.10.194,3125,0,
103.180.194.146:8080,103.180.194.146,8080,0,
103.36.11.134:8181,103.36.11.134,8181,0,
103.180.250.246:9091,103.180.250.246,9091,0,
103.36.11.13:8181,103.36.11.13,8181,0,
109.110.246.26:8080,109.110.246.26,8080,0,
103.36.11.161:3125,103.36.11.161,3125,0,
103.180.250.255:8080,103.180.250.255,8080,0,
103.36.11.167:8080,103.36.11.167,8080,0,
103.180.250.2:8080,103.180.250.2,8080,0,
103.36.35.135:8080,103.36.35.135,8080,0,
103.181.168.218:8080,103.181.168.218,8080,0,
103.38.100.250:8082,103.38.100.250,8082,0,
103.181.168.222:8080,103.181.168.222,8080,0,
103.38.5.226:81,103.38.5.226,81,0,
111.225.153.220:8089,111.225.153.220,8089,0,
103.181.168.249:8080,103.181.168.249,8080,0,
103.38.5.226:83,103.38.5.226,83,0,
103.182.78.137:8080,103.182.78.137,8080,0,
103.42.162.50:8080,103.42.162.50,8080,0,
103.183.60.226:9812,103.183.60.226,9812,0,
103.46.11.116:8080,103.46.11.116,8080,0,
103.183.63.154:83,103.183.63.154,83,0,
103.46.11.182:8080,103.46.11.182,8080,0,
103.184.180.233:8080,103.184.180.233,8080,0,
103.47.175.161:83,103.47.175.161,83,0,
103.186.212.73:8080,103.186.212.73,8080,0,
103.47.175.161:84,103.47.175.161,84,0,
103.188.10.114:8080,103.188.10.114,8080,0,
103.47.228.66:8080,103.47.228.66,8080,0,
103.188.168.46:32650,103.188.168.46,32650,0,
103.47.67.154:8080,103.47.67.154,8080,0,
103.189.116.101:8080,103.189.116.101,8080,0,
103.48.68.108:82,103.48.68.108,82,0,
103.19.130.50:8080,103.19.130.50,8080,0,
103.48.68.108:83,103.48.68.108,83,0,
103.191.155.30:8085,103.191.155.30,8085,0,
103.48.68.108:84,103.48.68.108,84,0,
103.191.165.5:8081,103.191.165.5,8081,0,
103.48.68.34:82,103.48.68.34,82,0,
103.194.88.107:32650,103.194.88.107,32650,0,
103.48.68.34:83,103.48.68.34,83,0,
103.196.40.222:3125,103.196.40.222,3125,0,
103.48.68.34:84,103.48.68.34,84,0,
103.48.68.35:82,103.48.68.35,82,0,
103.199.168.34:32650,103.199.168.34,32650,0,
103.48.68.35:83,103.48.68.35,83,0,
103.199.168.34:80,103.199.168.34,80,0,
103.48.68.35:84,103.48.68.35,84,0,
103.206.208.135:55443,103.206.208.135,55443,0,
103.48.68.37:82,103.48.68.37,82,0,
103.207.1.82:8080,103.207.1.82,8080,0,
103.48.68.37:83,103.48.68.37,83,0,
103.207.98.194:8080,103.207.98.194,8080,0,
103.48.68.37:84,103.48.68.37,84,0,
109.111.251.158:6666,109.111.251.158,6666,0,
103.52.144.49:8080,103.52.144.49,8080,0,
109.194.17.191:8282,109.194.17.191,8282,0,
103.54.43.131:8080,103.54.43.131,8080,0,
109.195.230.143:8080,109.195.230.143,8080,0,
103.55.88.53:8080,103.55.88.53,8080,0,
109.195.98.7:21776,109.195.98.7,21776,0,
103.57.225.240:8080,103.57.225.240,8080,0,
109.200.155.195:8080,109.200.155.195,8080,0,
103.58.95.5:8080,103.58.95.5,8080,0,
109.200.159.29:8080,109.200.159.29,8080,0,
103.59.176.154:8080,103.59.176.154,8080,0,
109.238.181.53:8083,109.238.181.53,8083,0,
103.6.177.174:8002,103.6.177.174,8002,0,
109.248.249.33:8081,109.248.249.33,8081,0,
103.60.161.18:8080,103.60.161.18,8080,